,Week,Item,Order (Servings),Order (Packages),Consumption,Inventory,Perishable,Cost per Serving,Final Week Waste
0,2024-09-29,almond_butter,0,0,0,0,No,$0.77,
1,2024-09-29,almond_milk,0,0,0,0,Yes,$0.31,
2,2024-09-29,apples,0,0,0,0,Yes,$0.95,
3,2024-09-29,avocados,0,0,0,0,Yes,$0.25,
4,2024-09-29,bananas,0,0,0,0,Yes,$0.16,
5,2024-09-29,black_beans,0,0,0,0,No,$0.62,
6,2024-09-29,blueberries,0,0,0,0,Yes,$2.00,
7,2024-09-29,bread,0,0,0,0,Yes,$0.26,
8,2024-09-29,broccoli,0,0,0,0,Yes,$0.80,
9,2024-09-29,broth,0,0,0,0,No,$0.75,
10,2024-09-29,butternut_squash,0,0,0,0,Yes,$0.60,
11,2024-09-29,canned_tuna,0,0,11,0,No,$1.79,
12,2024-09-29,carrots,0,0,0,0,Yes,$0.37,
13,2024-09-29,cherry_tomatoes,0,0,0,0,Yes,$0.72,
14,2024-09-29,chicken_breast,0,0,0,0,Yes,$1.50,
15,2024-09-29,chips,0,0,0,0,No,$0.96,
16,2024-09-29,chocolate,0,0,0,0,No,$0.86,
17,2024-09-29,chopped_kale,0,0,0,0,Yes,$0.60,
18,2024-09-29,corn,0,0,0,0,Yes,$0.64,
19,2024-09-29,cottage_cheese,0,0,0,0,Yes,$0.57,
20,2024-09-29,dates,0,0,0,0,No,$0.52,
21,2024-09-29,deli_turkey,0,0,0,0,Yes,$1.07,
22,2024-09-29,eggs_large,0,0,0,0,Yes,$0.42,
23,2024-09-29,feta_cheese,0,0,0,0,Yes,$0.79,
24,2024-09-29,fresh_celery,0,0,0,0,Yes,$0.40,
25,2024-09-29,frozen_blackberries,0,0,0,0,No,$1.50,
26,2024-09-29,frozen_blueberries,0,0,0,0,No,$1.20,
27,2024-09-29,frozen_breakfast_sandwich,0,0,0,0,No,$1.66,
28,2024-09-29,frozen_broccoli,0,0,0,0,No,$0.11,
29,2024-09-29,frozen_cauliflower,0,0,0,0,No,$0.32,
30,2024-09-29,frozen_cherries,0,0,0,0,No,$1.53,
31,2024-09-29,frozen_chopped_spinach,0,0,0,0,No,$0.40,
32,2024-09-29,frozen_cranberries,0,0,7,0,No,$3.03,
33,2024-09-29,frozen_edamame,0,0,12,0,No,$0.40,
34,2024-09-29,frozen_green_beans,0,0,0,0,No,$0.28,
35,2024-09-29,frozen_peaches,0,0,0,0,No,$0.76,
36,2024-09-29,frozen_peas,0,0,0,0,No,$0.28,
37,2024-09-29,frozen_pizza,0,0,0,0,No,$0.77,
38,2024-09-29,frozen_raspberries,0,0,0,0,No,$2.10,
39,2024-09-29,frozen_strawberries,0,0,0,0,No,$0.68,
40,2024-09-29,garden_salad,0,0,0,0,Yes,$1.50,
41,2024-09-29,granola_bar,0,0,0,0,No,$0.32,
42,2024-09-29,grapes,0,0,0,0,Yes,$1.06,
43,2024-09-29,great_northern_beans,0,0,11,0,No,$0.22,
44,2024-09-29,ground_beef,0,0,0,0,Yes,$2.37,
45,2024-09-29,jasmine_rice,0,0,12,0,No,$0.14,
46,2024-09-29,mixed_nuts,0,0,8,0,No,$0.29,
47,2024-09-29,mushrooms,0,0,0,0,Yes,$0.46,
48,2024-09-29,olive_oil,0,0,0,0,No,$0.48,
49,2024-09-29,pasta,0,0,0,0,No,$0.50,
50,2024-09-29,peanut_butter,0,0,12,0,No,$0.30,
51,2024-09-29,pinto_beans,0,0,5,0,No,$0.62,
52,2024-09-29,potatoes,0,0,0,0,Yes,$0.22,
53,2024-09-29,protein_bars,0,0,0,0,No,$2.42,
54,2024-09-29,raisins,0,0,6,0,No,$0.27,
55,2024-09-29,regular_milk,0,0,0,0,Yes,$0.83,
56,2024-09-29,shrimp,0,0,0,0,Yes,$2.28,
57,2024-09-29,sweet_potatoes,0,0,0,0,Yes,$0.27,
58,2024-09-29,white_rice,0,0,12,0,No,$0.33,
59,2024-09-29,yellow_onion,0,0,0,0,Yes,$1.13,
60,2024-09-29,yogurt,0,0,0,0,Yes,$0.63,
61,2024-10-06,almond_butter,0,0,0,0,No,$0.77,
62,2024-10-06,almond_milk,0,0,0,0,Yes,$0.31,
63,2024-10-06,apples,0,0,0,0,Yes,$0.95,
64,2024-10-06,avocados,0,0,0,0,Yes,$0.25,
65,2024-10-06,bananas,0,0,0,0,Yes,$0.16,
66,2024-10-06,black_beans,0,0,0,0,No,$0.62,
67,2024-10-06,blueberries,0,0,0,0,Yes,$2.00,
68,2024-10-06,bread,0,0,0,0,Yes,$0.26,
69,2024-10-06,broccoli,0,0,0,0,Yes,$0.80,
70,2024-10-06,broth,0,0,0,0,No,$0.75,
71,2024-10-06,butternut_squash,0,0,0,0,Yes,$0.60,
72,2024-10-06,canned_tuna,15,15,0,4,No,$1.79,
73,2024-10-06,carrots,0,0,0,0,Yes,$0.37,
74,2024-10-06,cherry_tomatoes,0,0,0,0,Yes,$0.72,
75,2024-10-06,chicken_breast,0,0,0,0,Yes,$1.50,
76,2024-10-06,chips,0,0,0,0,No,$0.96,
77,2024-10-06,chocolate,0,0,0,0,No,$0.86,
78,2024-10-06,chopped_kale,0,0,0,0,Yes,$0.60,
79,2024-10-06,corn,0,0,0,0,Yes,$0.64,
80,2024-10-06,cottage_cheese,0,0,0,0,Yes,$0.57,
81,2024-10-06,dates,0,0,0,0,No,$0.52,
82,2024-10-06,deli_turkey,0,0,0,0,Yes,$1.07,
83,2024-10-06,eggs_large,0,0,0,0,Yes,$0.42,
84,2024-10-06,feta_cheese,0,0,0,0,Yes,$0.79,
85,2024-10-06,fresh_celery,0,0,0,0,Yes,$0.40,
86,2024-10-06,frozen_blackberries,0,0,0,0,No,$1.50,
87,2024-10-06,frozen_blueberries,0,0,0,0,No,$1.20,
88,2024-10-06,frozen_breakfast_sandwich,0,0,0,0,No,$1.66,
89,2024-10-06,frozen_broccoli,0,0,0,0,No,$0.11,
90,2024-10-06,frozen_cauliflower,0,0,0,0,No,$0.32,
91,2024-10-06,frozen_cherries,3,1,0,3,No,$1.53,
92,2024-10-06,frozen_chopped_spinach,0,0,0,0,No,$0.40,
93,2024-10-06,frozen_cranberries,9,3,0,2,No,$3.03,
94,2024-10-06,frozen_edamame,110,22,10,98,No,$0.40,
95,2024-10-06,frozen_green_beans,0,0,0,0,No,$0.28,
96,2024-10-06,frozen_peaches,0,0,0,0,No,$0.76,
97,2024-10-06,frozen_peas,0,0,0,0,No,$0.28,
98,2024-10-06,frozen_pizza,0,0,0,0,No,$0.77,
99,2024-10-06,frozen_raspberries,0,0,0,0,No,$2.10,
100,2024-10-06,frozen_strawberries,0,0,0,0,No,$0.68,
101,2024-10-06,garden_salad,0,0,0,0,Yes,$1.50,
102,2024-10-06,granola_bar,0,0,0,0,No,$0.32,
103,2024-10-06,grapes,0,0,0,0,Yes,$1.06,
104,2024-10-06,great_northern_beans,132,33,6,121,No,$0.22,
105,2024-10-06,ground_beef,0,0,0,0,Yes,$2.37,
106,2024-10-06,jasmine_rice,120,6,12,108,No,$0.14,
107,2024-10-06,mixed_nuts,90,10,7,82,No,$0.29,
108,2024-10-06,mushrooms,0,0,0,0,Yes,$0.46,
109,2024-10-06,olive_oil,0,0,0,0,No,$0.48,
110,2024-10-06,pasta,0,0,0,0,No,$0.50,
111,2024-10-06,peanut_butter,420,30,12,408,No,$0.30,
112,2024-10-06,pinto_beans,128,32,12,123,No,$0.62,
113,2024-10-06,potatoes,0,0,0,0,Yes,$0.22,
114,2024-10-06,protein_bars,0,0,0,0,No,$2.42,
115,2024-10-06,raisins,231,33,7,225,No,$0.27,
116,2024-10-06,regular_milk,0,0,0,0,Yes,$0.83,
117,2024-10-06,shrimp,0,0,0,0,Yes,$2.28,
118,2024-10-06,sweet_potatoes,0,0,0,0,Yes,$0.27,
119,2024-10-06,white_rice,432,24,12,420,No,$0.33,
120,2024-10-06,yellow_onion,0,0,0,0,Yes,$1.13,
121,2024-10-06,yogurt,0,0,0,0,Yes,$0.63,
122,2024-10-13,almond_butter,0,0,0,0,No,$0.77,
123,2024-10-13,almond_milk,0,0,0,0,Yes,$0.31,
124,2024-10-13,apples,0,0,0,0,Yes,$0.95,
125,2024-10-13,avocados,0,0,0,0,Yes,$0.25,
126,2024-10-13,bananas,0,0,0,0,Yes,$0.16,
127,2024-10-13,black_beans,0,0,0,0,No,$0.62,
128,2024-10-13,blueberries,0,0,0,0,Yes,$2.00,
129,2024-10-13,bread,0,0,0,0,Yes,$0.26,
130,2024-10-13,broccoli,0,0,0,0,Yes,$0.80,
131,2024-10-13,broth,0,0,0,0,No,$0.75,
132,2024-10-13,butternut_squash,0,0,0,0,Yes,$0.60,
133,2024-10-13,canned_tuna,0,0,3,4,No,$1.79,
134,2024-10-13,carrots,0,0,0,0,Yes,$0.37,
135,2024-10-13,cherry_tomatoes,0,0,0,0,Yes,$0.72,
136,2024-10-13,chicken_breast,0,0,0,0,Yes,$1.50,
137,2024-10-13,chips,0,0,0,0,No,$0.96,
138,2024-10-13,chocolate,0,0,0,0,No,$0.86,
139,2024-10-13,chopped_kale,0,0,0,0,Yes,$0.60,
140,2024-10-13,corn,0,0,0,0,Yes,$0.64,
141,2024-10-13,cottage_cheese,0,0,0,0,Yes,$0.57,
142,2024-10-13,dates,0,0,0,0,No,$0.52,
143,2024-10-13,deli_turkey,0,0,0,0,Yes,$1.07,
144,2024-10-13,eggs_large,0,0,0,0,Yes,$0.42,
145,2024-10-13,feta_cheese,0,0,0,0,Yes,$0.79,
146,2024-10-13,fresh_celery,0,0,0,0,Yes,$0.40,
147,2024-10-13,frozen_blackberries,0,0,0,0,No,$1.50,
148,2024-10-13,frozen_blueberries,0,0,0,0,No,$1.20,
149,2024-10-13,frozen_breakfast_sandwich,0,0,0,0,No,$1.66,
150,2024-10-13,frozen_broccoli,0,0,0,0,No,$0.11,
151,2024-10-13,frozen_cauliflower,0,0,0,0,No,$0.32,
152,2024-10-13,frozen_cherries,0,0,2,3,No,$1.53,
153,2024-10-13,frozen_chopped_spinach,0,0,0,0,No,$0.40,
154,2024-10-13,frozen_cranberries,0,0,1,2,No,$3.03,
155,2024-10-13,frozen_edamame,0,0,11,88,No,$0.40,
156,2024-10-13,frozen_green_beans,0,0,0,0,No,$0.28,
157,2024-10-13,frozen_peaches,0,0,0,0,No,$0.76,
158,2024-10-13,frozen_peas,0,0,0,0,No,$0.28,
159,2024-10-13,frozen_pizza,0,0,0,0,No,$0.77,
160,2024-10-13,frozen_raspberries,0,0,0,0,No,$2.10,
161,2024-10-13,frozen_strawberries,0,0,0,0,No,$0.68,
162,2024-10-13,garden_salad,0,0,0,0,Yes,$1.50,
163,2024-10-13,granola_bar,0,0,0,0,No,$0.32,
164,2024-10-13,grapes,0,0,0,0,Yes,$1.06,
165,2024-10-13,great_northern_beans,0,0,10,115,No,$0.22,
166,2024-10-13,ground_beef,0,0,0,0,Yes,$2.37,
167,2024-10-13,jasmine_rice,0,0,12,96,No,$0.14,
168,2024-10-13,mixed_nuts,0,0,7,75,No,$0.29,
169,2024-10-13,mushrooms,0,0,0,0,Yes,$0.46,
170,2024-10-13,olive_oil,0,0,0,0,No,$0.48,
171,2024-10-13,pasta,0,0,0,0,No,$0.50,
172,2024-10-13,peanut_butter,0,0,12,396,No,$0.30,
173,2024-10-13,pinto_beans,0,0,9,111,No,$0.62,
174,2024-10-13,potatoes,0,0,0,0,Yes,$0.22,
175,2024-10-13,protein_bars,0,0,0,0,No,$2.42,
176,2024-10-13,raisins,0,0,6,218,No,$0.27,
177,2024-10-13,regular_milk,0,0,0,0,Yes,$0.83,
178,2024-10-13,shrimp,0,0,0,0,Yes,$2.28,
179,2024-10-13,sweet_potatoes,0,0,0,0,Yes,$0.27,
180,2024-10-13,white_rice,0,0,12,408,No,$0.33,
181,2024-10-13,yellow_onion,0,0,0,0,Yes,$1.13,
182,2024-10-13,yogurt,0,0,0,0,Yes,$0.63,
183,2024-10-20,almond_butter,0,0,0,0,No,$0.77,
184,2024-10-20,almond_milk,0,0,0,0,Yes,$0.31,
185,2024-10-20,apples,0,0,0,0,Yes,$0.95,
186,2024-10-20,avocados,0,0,0,0,Yes,$0.25,
187,2024-10-20,bananas,0,0,0,0,Yes,$0.16,
188,2024-10-20,black_beans,0,0,0,0,No,$0.62,
189,2024-10-20,blueberries,0,0,0,0,Yes,$2.00,
190,2024-10-20,bread,0,0,0,0,Yes,$0.26,
191,2024-10-20,broccoli,0,0,0,0,Yes,$0.80,
192,2024-10-20,broth,0,0,0,0,No,$0.75,
193,2024-10-20,butternut_squash,0,0,0,0,Yes,$0.60,
194,2024-10-20,canned_tuna,0,0,0,1,No,$1.79,
195,2024-10-20,carrots,0,0,0,0,Yes,$0.37,
196,2024-10-20,cherry_tomatoes,0,0,0,0,Yes,$0.72,
197,2024-10-20,chicken_breast,0,0,0,0,Yes,$1.50,
198,2024-10-20,chips,0,0,0,0,No,$0.96,
199,2024-10-20,chocolate,0,0,0,0,No,$0.86,
200,2024-10-20,chopped_kale,0,0,0,0,Yes,$0.60,
201,2024-10-20,corn,0,0,0,0,Yes,$0.64,
202,2024-10-20,cottage_cheese,0,0,0,0,Yes,$0.57,
203,2024-10-20,dates,0,0,0,0,No,$0.52,
204,2024-10-20,deli_turkey,0,0,0,0,Yes,$1.07,
205,2024-10-20,eggs_large,0,0,0,0,Yes,$0.42,
206,2024-10-20,feta_cheese,0,0,0,0,Yes,$0.79,
207,2024-10-20,fresh_celery,0,0,0,0,Yes,$0.40,
208,2024-10-20,frozen_blackberries,0,0,0,0,No,$1.50,
209,2024-10-20,frozen_blueberries,0,0,0,0,No,$1.20,
210,2024-10-20,frozen_breakfast_sandwich,0,0,0,0,No,$1.66,
211,2024-10-20,frozen_broccoli,0,0,0,0,No,$0.11,
212,2024-10-20,frozen_cauliflower,0,0,0,0,No,$0.32,
213,2024-10-20,frozen_cherries,0,0,0,1,No,$1.53,
214,2024-10-20,frozen_chopped_spinach,0,0,0,0,No,$0.40,
215,2024-10-20,frozen_cranberries,0,0,0,1,No,$3.03,
216,2024-10-20,frozen_edamame,0,0,11,77,No,$0.40,
217,2024-10-20,frozen_green_beans,0,0,0,0,No,$0.28,
218,2024-10-20,frozen_peaches,0,0,0,0,No,$0.76,
219,2024-10-20,frozen_peas,0,0,0,0,No,$0.28,
220,2024-10-20,frozen_pizza,0,0,0,0,No,$0.77,
221,2024-10-20,frozen_raspberries,0,0,0,0,No,$2.10,
222,2024-10-20,frozen_strawberries,0,0,0,0,No,$0.68,
223,2024-10-20,garden_salad,0,0,0,0,Yes,$1.50,
224,2024-10-20,granola_bar,0,0,0,0,No,$0.32,
225,2024-10-20,grapes,0,0,0,0,Yes,$1.06,
226,2024-10-20,great_northern_beans,0,0,5,105,No,$0.22,
227,2024-10-20,ground_beef,0,0,0,0,Yes,$2.37,
228,2024-10-20,jasmine_rice,0,0,12,84,No,$0.14,
229,2024-10-20,mixed_nuts,0,0,6,68,No,$0.29,
230,2024-10-20,mushrooms,0,0,0,0,Yes,$0.46,
231,2024-10-20,olive_oil,0,0,0,0,No,$0.48,
232,2024-10-20,pasta,0,0,0,0,No,$0.50,
233,2024-10-20,peanut_butter,0,0,12,384,No,$0.30,
234,2024-10-20,pinto_beans,0,0,12,102,No,$0.62,
235,2024-10-20,potatoes,0,0,0,0,Yes,$0.22,
236,2024-10-20,protein_bars,0,0,0,0,No,$2.42,
237,2024-10-20,raisins,0,0,7,212,No,$0.27,
238,2024-10-20,regular_milk,0,0,0,0,Yes,$0.83,
239,2024-10-20,shrimp,0,0,0,0,Yes,$2.28,
240,2024-10-20,sweet_potatoes,0,0,0,0,Yes,$0.27,
241,2024-10-20,white_rice,0,0,12,396,No,$0.33,
242,2024-10-20,yellow_onion,0,0,0,0,Yes,$1.13,
243,2024-10-20,yogurt,0,0,0,0,Yes,$0.63,
244,2024-10-27,almond_butter,0,0,0,0,No,$0.77,
245,2024-10-27,almond_milk,0,0,0,0,Yes,$0.31,
246,2024-10-27,apples,0,0,0,0,Yes,$0.95,
247,2024-10-27,avocados,0,0,0,0,Yes,$0.25,
248,2024-10-27,bananas,0,0,0,0,Yes,$0.16,
249,2024-10-27,black_beans,0,0,0,0,No,$0.62,
250,2024-10-27,blueberries,0,0,0,0,Yes,$2.00,
251,2024-10-27,bread,0,0,0,0,Yes,$0.26,
252,2024-10-27,broccoli,0,0,0,0,Yes,$0.80,
253,2024-10-27,broth,0,0,0,0,No,$0.75,
254,2024-10-27,butternut_squash,0,0,0,0,Yes,$0.60,
255,2024-10-27,canned_tuna,0,0,0,1,No,$1.79,
256,2024-10-27,carrots,0,0,0,0,Yes,$0.37,
257,2024-10-27,cherry_tomatoes,0,0,0,0,Yes,$0.72,
258,2024-10-27,chicken_breast,0,0,0,0,Yes,$1.50,
259,2024-10-27,chips,0,0,0,0,No,$0.96,
260,2024-10-27,chocolate,0,0,0,0,No,$0.86,
261,2024-10-27,chopped_kale,0,0,0,0,Yes,$0.60,
262,2024-10-27,corn,0,0,0,0,Yes,$0.64,
263,2024-10-27,cottage_cheese,0,0,0,0,Yes,$0.57,
264,2024-10-27,dates,0,0,0,0,No,$0.52,
265,2024-10-27,deli_turkey,0,0,0,0,Yes,$1.07,
266,2024-10-27,eggs_large,0,0,0,0,Yes,$0.42,
267,2024-10-27,feta_cheese,0,0,0,0,Yes,$0.79,
268,2024-10-27,fresh_celery,0,0,0,0,Yes,$0.40,
269,2024-10-27,frozen_blackberries,0,0,0,0,No,$1.50,
270,2024-10-27,frozen_blueberries,0,0,0,0,No,$1.20,
271,2024-10-27,frozen_breakfast_sandwich,0,0,0,0,No,$1.66,
272,2024-10-27,frozen_broccoli,0,0,0,0,No,$0.11,
273,2024-10-27,frozen_cauliflower,0,0,0,0,No,$0.32,
274,2024-10-27,frozen_cherries,0,0,1,1,No,$1.53,
275,2024-10-27,frozen_chopped_spinach,0,0,0,0,No,$0.40,
276,2024-10-27,frozen_cranberries,0,0,1,1,No,$3.03,
277,2024-10-27,frozen_edamame,0,0,12,66,No,$0.40,
278,2024-10-27,frozen_green_beans,0,0,0,0,No,$0.28,
279,2024-10-27,frozen_peaches,0,0,0,0,No,$0.76,
280,2024-10-27,frozen_peas,0,0,0,0,No,$0.28,
281,2024-10-27,frozen_pizza,0,0,0,0,No,$0.77,
282,2024-10-27,frozen_raspberries,0,0,0,0,No,$2.10,
283,2024-10-27,frozen_strawberries,0,0,0,0,No,$0.68,
284,2024-10-27,garden_salad,0,0,0,0,Yes,$1.50,
285,2024-10-27,granola_bar,0,0,0,0,No,$0.32,
286,2024-10-27,grapes,0,0,0,0,Yes,$1.06,
287,2024-10-27,great_northern_beans,0,0,7,100,No,$0.22,
288,2024-10-27,ground_beef,0,0,0,0,Yes,$2.37,
289,2024-10-27,jasmine_rice,0,0,12,72,No,$0.14,
290,2024-10-27,mixed_nuts,0,0,12,62,No,$0.29,
291,2024-10-27,mushrooms,0,0,0,0,Yes,$0.46,
292,2024-10-27,olive_oil,0,0,0,0,No,$0.48,
293,2024-10-27,pasta,0,0,0,0,No,$0.50,
294,2024-10-27,peanut_butter,0,0,12,372,No,$0.30,
295,2024-10-27,pinto_beans,0,0,9,90,No,$0.62,
296,2024-10-27,potatoes,0,0,0,0,Yes,$0.22,
297,2024-10-27,protein_bars,0,0,0,0,No,$2.42,
298,2024-10-27,raisins,0,0,8,205,No,$0.27,
299,2024-10-27,regular_milk,0,0,0,0,Yes,$0.83,
300,2024-10-27,shrimp,0,0,0,0,Yes,$2.28,
301,2024-10-27,sweet_potatoes,0,0,0,0,Yes,$0.27,
302,2024-10-27,white_rice,0,0,12,384,No,$0.33,
303,2024-10-27,yellow_onion,0,0,0,0,Yes,$1.13,
304,2024-10-27,yogurt,0,0,0,0,Yes,$0.63,
305,2024-11-03,almond_butter,0,0,0,0,No,$0.77,
306,2024-11-03,almond_milk,0,0,0,0,Yes,$0.31,
307,2024-11-03,apples,0,0,0,0,Yes,$0.95,
308,2024-11-03,avocados,0,0,0,0,Yes,$0.25,
309,2024-11-03,bananas,0,0,0,0,Yes,$0.16,
310,2024-11-03,black_beans,0,0,0,0,No,$0.62,
311,2024-11-03,blueberries,0,0,0,0,Yes,$2.00,
312,2024-11-03,bread,0,0,0,0,Yes,$0.26,
313,2024-11-03,broccoli,0,0,0,0,Yes,$0.80,
314,2024-11-03,broth,0,0,0,0,No,$0.75,
315,2024-11-03,butternut_squash,0,0,0,0,Yes,$0.60,
316,2024-11-03,canned_tuna,0,0,0,1,No,$1.79,
317,2024-11-03,carrots,0,0,0,0,Yes,$0.37,
318,2024-11-03,cherry_tomatoes,0,0,0,0,Yes,$0.72,
319,2024-11-03,chicken_breast,0,0,0,0,Yes,$1.50,
320,2024-11-03,chips,0,0,0,0,No,$0.96,
321,2024-11-03,chocolate,0,0,0,0,No,$0.86,
322,2024-11-03,chopped_kale,0,0,0,0,Yes,$0.60,
323,2024-11-03,corn,0,0,0,0,Yes,$0.64,
324,2024-11-03,cottage_cheese,0,0,0,0,Yes,$0.57,
325,2024-11-03,dates,0,0,0,0,No,$0.52,
326,2024-11-03,deli_turkey,0,0,0,0,Yes,$1.07,
327,2024-11-03,eggs_large,0,0,0,0,Yes,$0.42,
328,2024-11-03,feta_cheese,0,0,0,0,Yes,$0.79,
329,2024-11-03,fresh_celery,0,0,0,0,Yes,$0.40,
330,2024-11-03,frozen_blackberries,0,0,0,0,No,$1.50,
331,2024-11-03,frozen_blueberries,0,0,0,0,No,$1.20,
332,2024-11-03,frozen_breakfast_sandwich,0,0,0,0,No,$1.66,
333,2024-11-03,frozen_broccoli,0,0,0,0,No,$0.11,
334,2024-11-03,frozen_cauliflower,0,0,0,0,No,$0.32,
335,2024-11-03,frozen_cherries,0,0,0,0,No,$1.53,
336,2024-11-03,frozen_chopped_spinach,0,0,0,0,No,$0.40,
337,2024-11-03,frozen_cranberries,0,0,0,0,No,$3.03,
338,2024-11-03,frozen_edamame,0,0,12,54,No,$0.40,
339,2024-11-03,frozen_green_beans,0,0,0,0,No,$0.28,
340,2024-11-03,frozen_peaches,0,0,0,0,No,$0.76,
341,2024-11-03,frozen_peas,0,0,0,0,No,$0.28,
342,2024-11-03,frozen_pizza,0,0,0,0,No,$0.77,
343,2024-11-03,frozen_raspberries,0,0,0,0,No,$2.10,
344,2024-11-03,frozen_strawberries,0,0,0,0,No,$0.68,
345,2024-11-03,garden_salad,0,0,0,0,Yes,$1.50,
346,2024-11-03,granola_bar,0,0,0,0,No,$0.32,
347,2024-11-03,grapes,0,0,0,0,Yes,$1.06,
348,2024-11-03,great_northern_beans,0,0,3,93,No,$0.22,
349,2024-11-03,ground_beef,0,0,0,0,Yes,$2.37,
350,2024-11-03,jasmine_rice,0,0,12,60,No,$0.14,
351,2024-11-03,mixed_nuts,0,0,7,50,No,$0.29,
352,2024-11-03,mushrooms,0,0,0,0,Yes,$0.46,
353,2024-11-03,olive_oil,0,0,0,0,No,$0.48,
354,2024-11-03,pasta,0,0,0,0,No,$0.50,
355,2024-11-03,peanut_butter,0,0,12,360,No,$0.30,
356,2024-11-03,pinto_beans,0,0,12,81,No,$0.62,
357,2024-11-03,potatoes,0,0,0,0,Yes,$0.22,
358,2024-11-03,protein_bars,0,0,0,0,No,$2.42,
359,2024-11-03,raisins,0,0,7,197,No,$0.27,
360,2024-11-03,regular_milk,0,0,0,0,Yes,$0.83,
361,2024-11-03,shrimp,0,0,0,0,Yes,$2.28,
362,2024-11-03,sweet_potatoes,0,0,0,0,Yes,$0.27,
363,2024-11-03,white_rice,0,0,12,372,No,$0.33,
364,2024-11-03,yellow_onion,0,0,0,0,Yes,$1.13,
365,2024-11-03,yogurt,0,0,0,0,Yes,$0.63,
366,2024-11-10,almond_butter,0,0,0,0,No,$0.77,
367,2024-11-10,almond_milk,0,0,0,0,Yes,$0.31,
368,2024-11-10,apples,0,0,0,0,Yes,$0.95,
369,2024-11-10,avocados,0,0,0,0,Yes,$0.25,
370,2024-11-10,bananas,0,0,0,0,Yes,$0.16,
371,2024-11-10,black_beans,0,0,0,0,No,$0.62,
372,2024-11-10,blueberries,0,0,0,0,Yes,$2.00,
373,2024-11-10,bread,0,0,0,0,Yes,$0.26,
374,2024-11-10,broccoli,0,0,0,0,Yes,$0.80,
375,2024-11-10,broth,0,0,0,0,No,$0.75,
376,2024-11-10,butternut_squash,0,0,0,0,Yes,$0.60,
377,2024-11-10,canned_tuna,0,0,0,1,No,$1.79,
378,2024-11-10,carrots,0,0,0,0,Yes,$0.37,
379,2024-11-10,cherry_tomatoes,0,0,0,0,Yes,$0.72,
380,2024-11-10,chicken_breast,0,0,0,0,Yes,$1.50,
381,2024-11-10,chips,0,0,0,0,No,$0.96,
382,2024-11-10,chocolate,0,0,0,0,No,$0.86,
383,2024-11-10,chopped_kale,0,0,0,0,Yes,$0.60,
384,2024-11-10,corn,0,0,0,0,Yes,$0.64,
385,2024-11-10,cottage_cheese,0,0,0,0,Yes,$0.57,
386,2024-11-10,dates,0,0,0,0,No,$0.52,
387,2024-11-10,deli_turkey,0,0,0,0,Yes,$1.07,
388,2024-11-10,eggs_large,0,0,0,0,Yes,$0.42,
389,2024-11-10,feta_cheese,0,0,0,0,Yes,$0.79,
390,2024-11-10,fresh_celery,0,0,0,0,Yes,$0.40,
391,2024-11-10,frozen_blackberries,0,0,0,0,No,$1.50,
392,2024-11-10,frozen_blueberries,0,0,0,0,No,$1.20,
393,2024-11-10,frozen_breakfast_sandwich,0,0,0,0,No,$1.66,
394,2024-11-10,frozen_broccoli,0,0,0,0,No,$0.11,
395,2024-11-10,frozen_cauliflower,0,0,0,0,No,$0.32,
396,2024-11-10,frozen_cherries,0,0,0,0,No,$1.53,
397,2024-11-10,frozen_chopped_spinach,0,0,0,0,No,$0.40,
398,2024-11-10,frozen_cranberries,0,0,0,0,No,$3.03,
399,2024-11-10,frozen_edamame,0,0,9,42,No,$0.40,
400,2024-11-10,frozen_green_beans,0,0,0,0,No,$0.28,
401,2024-11-10,frozen_peaches,0,0,0,0,No,$0.76,
402,2024-11-10,frozen_peas,0,0,0,0,No,$0.28,
403,2024-11-10,frozen_pizza,0,0,0,0,No,$0.77,
404,2024-11-10,frozen_raspberries,0,0,0,0,No,$2.10,
405,2024-11-10,frozen_strawberries,0,0,0,0,No,$0.68,
406,2024-11-10,garden_salad,0,0,0,0,Yes,$1.50,
407,2024-11-10,granola_bar,0,0,0,0,No,$0.32,
408,2024-11-10,grapes,0,0,0,0,Yes,$1.06,
409,2024-11-10,great_northern_beans,0,0,6,90,No,$0.22,
410,2024-11-10,ground_beef,0,0,0,0,Yes,$2.37,
411,2024-11-10,jasmine_rice,0,0,12,48,No,$0.14,
412,2024-11-10,mixed_nuts,0,0,9,43,No,$0.29,
413,2024-11-10,mushrooms,0,0,0,0,Yes,$0.46,
414,2024-11-10,olive_oil,0,0,0,0,No,$0.48,
415,2024-11-10,pasta,0,0,0,0,No,$0.50,
416,2024-11-10,peanut_butter,0,0,12,348,No,$0.30,
417,2024-11-10,pinto_beans,0,0,12,69,No,$0.62,
418,2024-11-10,potatoes,0,0,0,0,Yes,$0.22,
419,2024-11-10,protein_bars,0,0,0,0,No,$2.42,
420,2024-11-10,raisins,0,0,6,190,No,$0.27,
421,2024-11-10,regular_milk,0,0,0,0,Yes,$0.83,
422,2024-11-10,shrimp,0,0,0,0,Yes,$2.28,
423,2024-11-10,sweet_potatoes,0,0,0,0,Yes,$0.27,
424,2024-11-10,white_rice,0,0,12,360,No,$0.33,
425,2024-11-10,yellow_onion,0,0,0,0,Yes,$1.13,
426,2024-11-10,yogurt,0,0,0,0,Yes,$0.63,
427,2024-11-17,almond_butter,0,0,0,0,No,$0.77,
428,2024-11-17,almond_milk,0,0,0,0,Yes,$0.31,
429,2024-11-17,apples,0,0,0,0,Yes,$0.95,
430,2024-11-17,avocados,0,0,0,0,Yes,$0.25,
431,2024-11-17,bananas,0,0,0,0,Yes,$0.16,
432,2024-11-17,black_beans,0,0,0,0,No,$0.62,
433,2024-11-17,blueberries,0,0,0,0,Yes,$2.00,
434,2024-11-17,bread,0,0,0,0,Yes,$0.26,
435,2024-11-17,broccoli,0,0,0,0,Yes,$0.80,
436,2024-11-17,broth,0,0,0,0,No,$0.75,
437,2024-11-17,butternut_squash,0,0,0,0,Yes,$0.60,
438,2024-11-17,canned_tuna,0,0,0,1,No,$1.79,
439,2024-11-17,carrots,0,0,0,0,Yes,$0.37,
440,2024-11-17,cherry_tomatoes,0,0,0,0,Yes,$0.72,
441,2024-11-17,chicken_breast,0,0,0,0,Yes,$1.50,
442,2024-11-17,chips,0,0,0,0,No,$0.96,
443,2024-11-17,chocolate,0,0,0,0,No,$0.86,
444,2024-11-17,chopped_kale,0,0,0,0,Yes,$0.60,
445,2024-11-17,corn,0,0,0,0,Yes,$0.64,
446,2024-11-17,cottage_cheese,0,0,0,0,Yes,$0.57,
447,2024-11-17,dates,0,0,0,0,No,$0.52,
448,2024-11-17,deli_turkey,0,0,0,0,Yes,$1.07,
449,2024-11-17,eggs_large,0,0,0,0,Yes,$0.42,
450,2024-11-17,feta_cheese,0,0,0,0,Yes,$0.79,
451,2024-11-17,fresh_celery,0,0,0,0,Yes,$0.40,
452,2024-11-17,frozen_blackberries,0,0,0,0,No,$1.50,
453,2024-11-17,frozen_blueberries,0,0,0,0,No,$1.20,
454,2024-11-17,frozen_breakfast_sandwich,0,0,0,0,No,$1.66,
455,2024-11-17,frozen_broccoli,0,0,0,0,No,$0.11,
456,2024-11-17,frozen_cauliflower,0,0,0,0,No,$0.32,
457,2024-11-17,frozen_cherries,0,0,0,0,No,$1.53,
458,2024-11-17,frozen_chopped_spinach,0,0,0,0,No,$0.40,
459,2024-11-17,frozen_cranberries,0,0,0,0,No,$3.03,
460,2024-11-17,frozen_edamame,0,0,12,33,No,$0.40,
461,2024-11-17,frozen_green_beans,0,0,0,0,No,$0.28,
462,2024-11-17,frozen_peaches,0,0,0,0,No,$0.76,
463,2024-11-17,frozen_peas,0,0,0,0,No,$0.28,
464,2024-11-17,frozen_pizza,0,0,0,0,No,$0.77,
465,2024-11-17,frozen_raspberries,0,0,0,0,No,$2.10,
466,2024-11-17,frozen_strawberries,0,0,0,0,No,$0.68,
467,2024-11-17,garden_salad,0,0,0,0,Yes,$1.50,
468,2024-11-17,granola_bar,0,0,0,0,No,$0.32,
469,2024-11-17,grapes,0,0,0,0,Yes,$1.06,
470,2024-11-17,great_northern_beans,0,0,12,84,No,$0.22,
471,2024-11-17,ground_beef,0,0,0,0,Yes,$2.37,
472,2024-11-17,jasmine_rice,0,0,11,36,No,$0.14,
473,2024-11-17,mixed_nuts,0,0,12,34,No,$0.29,
474,2024-11-17,mushrooms,0,0,0,0,Yes,$0.46,
475,2024-11-17,olive_oil,0,0,0,0,No,$0.48,
476,2024-11-17,pasta,0,0,0,0,No,$0.50,
477,2024-11-17,peanut_butter,0,0,12,336,No,$0.30,
478,2024-11-17,pinto_beans,0,0,8,57,No,$0.62,
479,2024-11-17,potatoes,0,0,0,0,Yes,$0.22,
480,2024-11-17,protein_bars,0,0,0,0,No,$2.42,
481,2024-11-17,raisins,0,0,6,184,No,$0.27,
482,2024-11-17,regular_milk,0,0,0,0,Yes,$0.83,
483,2024-11-17,shrimp,0,0,0,0,Yes,$2.28,
484,2024-11-17,sweet_potatoes,0,0,0,0,Yes,$0.27,
485,2024-11-17,white_rice,0,0,12,348,No,$0.33,
486,2024-11-17,yellow_onion,0,0,0,0,Yes,$1.13,
487,2024-11-17,yogurt,0,0,0,0,Yes,$0.63,
488,2024-11-24,almond_butter,0,0,0,0,No,$0.77,
489,2024-11-24,almond_milk,0,0,0,0,Yes,$0.31,
490,2024-11-24,apples,0,0,0,0,Yes,$0.95,
491,2024-11-24,avocados,0,0,0,0,Yes,$0.25,
492,2024-11-24,bananas,0,0,0,0,Yes,$0.16,
493,2024-11-24,black_beans,0,0,0,0,No,$0.62,
494,2024-11-24,blueberries,0,0,0,0,Yes,$2.00,
495,2024-11-24,bread,0,0,0,0,Yes,$0.26,
496,2024-11-24,broccoli,0,0,0,0,Yes,$0.80,
497,2024-11-24,broth,0,0,0,0,No,$0.75,
498,2024-11-24,butternut_squash,0,0,0,0,Yes,$0.60,
499,2024-11-24,canned_tuna,0,0,0,1,No,$1.79,
500,2024-11-24,carrots,0,0,0,0,Yes,$0.37,
501,2024-11-24,cherry_tomatoes,0,0,0,0,Yes,$0.72,
502,2024-11-24,chicken_breast,0,0,0,0,Yes,$1.50,
503,2024-11-24,chips,0,0,0,0,No,$0.96,
504,2024-11-24,chocolate,0,0,0,0,No,$0.86,
505,2024-11-24,chopped_kale,0,0,0,0,Yes,$0.60,
506,2024-11-24,corn,0,0,0,0,Yes,$0.64,
507,2024-11-24,cottage_cheese,0,0,0,0,Yes,$0.57,
508,2024-11-24,dates,0,0,0,0,No,$0.52,
509,2024-11-24,deli_turkey,0,0,0,0,Yes,$1.07,
510,2024-11-24,eggs_large,0,0,0,0,Yes,$0.42,
511,2024-11-24,feta_cheese,0,0,0,0,Yes,$0.79,
512,2024-11-24,fresh_celery,0,0,0,0,Yes,$0.40,
513,2024-11-24,frozen_blackberries,0,0,0,0,No,$1.50,
514,2024-11-24,frozen_blueberries,0,0,0,0,No,$1.20,
515,2024-11-24,frozen_breakfast_sandwich,0,0,0,0,No,$1.66,
516,2024-11-24,frozen_broccoli,0,0,0,0,No,$0.11,
517,2024-11-24,frozen_cauliflower,0,0,0,0,No,$0.32,
518,2024-11-24,frozen_cherries,0,0,0,0,No,$1.53,
519,2024-11-24,frozen_chopped_spinach,0,0,0,0,No,$0.40,
520,2024-11-24,frozen_cranberries,0,0,0,0,No,$3.03,
521,2024-11-24,frozen_edamame,0,0,9,21,No,$0.40,
522,2024-11-24,frozen_green_beans,0,0,0,0,No,$0.28,
523,2024-11-24,frozen_peaches,0,0,0,0,No,$0.76,
524,2024-11-24,frozen_peas,0,0,0,0,No,$0.28,
525,2024-11-24,frozen_pizza,0,0,0,0,No,$0.77,
526,2024-11-24,frozen_raspberries,0,0,0,0,No,$2.10,
527,2024-11-24,frozen_strawberries,0,0,0,0,No,$0.68,
528,2024-11-24,garden_salad,0,0,0,0,Yes,$1.50,
529,2024-11-24,granola_bar,0,0,0,0,No,$0.32,
530,2024-11-24,grapes,0,0,0,0,Yes,$1.06,
531,2024-11-24,great_northern_beans,0,0,6,72,No,$0.22,
532,2024-11-24,ground_beef,0,0,0,0,Yes,$2.37,
533,2024-11-24,jasmine_rice,0,0,12,25,No,$0.14,
534,2024-11-24,mixed_nuts,0,0,12,22,No,$0.29,
535,2024-11-24,mushrooms,0,0,0,0,Yes,$0.46,
536,2024-11-24,olive_oil,0,0,0,0,No,$0.48,
537,2024-11-24,pasta,0,0,0,0,No,$0.50,
538,2024-11-24,peanut_butter,0,0,12,324,No,$0.30,
539,2024-11-24,pinto_beans,0,0,11,49,No,$0.62,
540,2024-11-24,potatoes,0,0,0,0,Yes,$0.22,
541,2024-11-24,protein_bars,0,0,0,0,No,$2.42,
542,2024-11-24,raisins,0,0,9,178,No,$0.27,
543,2024-11-24,regular_milk,0,0,0,0,Yes,$0.83,
544,2024-11-24,shrimp,0,0,0,0,Yes,$2.28,
545,2024-11-24,sweet_potatoes,0,0,0,0,Yes,$0.27,
546,2024-11-24,white_rice,0,0,12,336,No,$0.33,
547,2024-11-24,yellow_onion,0,0,0,0,Yes,$1.13,
548,2024-11-24,yogurt,0,0,0,0,Yes,$0.63,
549,2024-12-01,almond_butter,0,0,0,0,No,$0.77,
550,2024-12-01,almond_milk,0,0,0,0,Yes,$0.31,
551,2024-12-01,apples,0,0,0,0,Yes,$0.95,
552,2024-12-01,avocados,0,0,0,0,Yes,$0.25,
553,2024-12-01,bananas,0,0,0,0,Yes,$0.16,
554,2024-12-01,black_beans,0,0,0,0,No,$0.62,
555,2024-12-01,blueberries,0,0,0,0,Yes,$2.00,
556,2024-12-01,bread,0,0,0,0,Yes,$0.26,
557,2024-12-01,broccoli,0,0,0,0,Yes,$0.80,
558,2024-12-01,broth,0,0,0,0,No,$0.75,
559,2024-12-01,butternut_squash,0,0,0,0,Yes,$0.60,
560,2024-12-01,canned_tuna,0,0,1,1,No,$1.79,
561,2024-12-01,carrots,0,0,0,0,Yes,$0.37,
562,2024-12-01,cherry_tomatoes,0,0,0,0,Yes,$0.72,
563,2024-12-01,chicken_breast,0,0,0,0,Yes,$1.50,
564,2024-12-01,chips,0,0,0,0,No,$0.96,
565,2024-12-01,chocolate,0,0,0,0,No,$0.86,
566,2024-12-01,chopped_kale,0,0,0,0,Yes,$0.60,
567,2024-12-01,corn,0,0,0,0,Yes,$0.64,
568,2024-12-01,cottage_cheese,0,0,0,0,Yes,$0.57,
569,2024-12-01,dates,0,0,0,0,No,$0.52,
570,2024-12-01,deli_turkey,0,0,0,0,Yes,$1.07,
571,2024-12-01,eggs_large,0,0,0,0,Yes,$0.42,
572,2024-12-01,feta_cheese,0,0,0,0,Yes,$0.79,
573,2024-12-01,fresh_celery,0,0,0,0,Yes,$0.40,
574,2024-12-01,frozen_blackberries,0,0,0,0,No,$1.50,
575,2024-12-01,frozen_blueberries,0,0,0,0,No,$1.20,
576,2024-12-01,frozen_breakfast_sandwich,0,0,0,0,No,$1.66,
577,2024-12-01,frozen_broccoli,0,0,0,0,No,$0.11,
578,2024-12-01,frozen_cauliflower,0,0,0,0,No,$0.32,
579,2024-12-01,frozen_cherries,0,0,0,0,No,$1.53,
580,2024-12-01,frozen_chopped_spinach,0,0,0,0,No,$0.40,
581,2024-12-01,frozen_cranberries,0,0,0,0,No,$3.03,
582,2024-12-01,frozen_edamame,0,0,9,12,No,$0.40,
583,2024-12-01,frozen_green_beans,0,0,0,0,No,$0.28,
584,2024-12-01,frozen_peaches,0,0,0,0,No,$0.76,
585,2024-12-01,frozen_peas,0,0,0,0,No,$0.28,
586,2024-12-01,frozen_pizza,0,0,0,0,No,$0.77,
587,2024-12-01,frozen_raspberries,0,0,0,0,No,$2.10,
588,2024-12-01,frozen_strawberries,0,0,0,0,No,$0.68,
589,2024-12-01,garden_salad,0,0,0,0,Yes,$1.50,
590,2024-12-01,granola_bar,0,0,0,0,No,$0.32,
591,2024-12-01,grapes,0,0,0,0,Yes,$1.06,
592,2024-12-01,great_northern_beans,0,0,9,66,No,$0.22,
593,2024-12-01,ground_beef,0,0,0,0,Yes,$2.37,
594,2024-12-01,jasmine_rice,0,0,12,13,No,$0.14,
595,2024-12-01,mixed_nuts,0,0,8,10,No,$0.29,
596,2024-12-01,mushrooms,0,0,0,0,Yes,$0.46,
597,2024-12-01,olive_oil,0,0,0,0,No,$0.48,
598,2024-12-01,pasta,0,0,0,0,No,$0.50,
599,2024-12-01,peanut_butter,0,0,12,312,No,$0.30,
600,2024-12-01,pinto_beans,0,0,11,38,No,$0.62,
601,2024-12-01,potatoes,0,0,0,0,Yes,$0.22,
602,2024-12-01,protein_bars,0,0,0,0,No,$2.42,
603,2024-12-01,raisins,0,0,6,169,No,$0.27,
604,2024-12-01,regular_milk,0,0,0,0,Yes,$0.83,
605,2024-12-01,shrimp,0,0,0,0,Yes,$2.28,
606,2024-12-01,sweet_potatoes,0,0,0,0,Yes,$0.27,
607,2024-12-01,white_rice,0,0,12,324,No,$0.33,
608,2024-12-01,yellow_onion,0,0,0,0,Yes,$1.13,
609,2024-12-01,yogurt,0,0,0,0,Yes,$0.63,
610,2024-12-08,almond_butter,0,0,0,0,No,$0.77,
611,2024-12-08,almond_milk,0,0,0,0,Yes,$0.31,
612,2024-12-08,apples,0,0,0,0,Yes,$0.95,
613,2024-12-08,avocados,0,0,0,0,Yes,$0.25,
614,2024-12-08,bananas,0,0,0,0,Yes,$0.16,
615,2024-12-08,black_beans,0,0,0,0,No,$0.62,
616,2024-12-08,blueberries,0,0,0,0,Yes,$2.00,
617,2024-12-08,bread,0,0,0,0,Yes,$0.26,
618,2024-12-08,broccoli,0,0,0,0,Yes,$0.80,
619,2024-12-08,broth,0,0,0,0,No,$0.75,
620,2024-12-08,butternut_squash,0,0,0,0,Yes,$0.60,
621,2024-12-08,canned_tuna,0,0,0,0,No,$1.79,
622,2024-12-08,carrots,0,0,0,0,Yes,$0.37,
623,2024-12-08,cherry_tomatoes,0,0,0,0,Yes,$0.72,
624,2024-12-08,chicken_breast,0,0,0,0,Yes,$1.50,
625,2024-12-08,chips,0,0,0,0,No,$0.96,
626,2024-12-08,chocolate,0,0,0,0,No,$0.86,
627,2024-12-08,chopped_kale,0,0,0,0,Yes,$0.60,
628,2024-12-08,corn,0,0,0,0,Yes,$0.64,
629,2024-12-08,cottage_cheese,0,0,0,0,Yes,$0.57,
630,2024-12-08,dates,0,0,0,0,No,$0.52,
631,2024-12-08,deli_turkey,0,0,0,0,Yes,$1.07,
632,2024-12-08,eggs_large,0,0,0,0,Yes,$0.42,
633,2024-12-08,feta_cheese,0,0,0,0,Yes,$0.79,
634,2024-12-08,fresh_celery,0,0,0,0,Yes,$0.40,
635,2024-12-08,frozen_blackberries,0,0,0,0,No,$1.50,
636,2024-12-08,frozen_blueberries,0,0,0,0,No,$1.20,
637,2024-12-08,frozen_breakfast_sandwich,0,0,0,0,No,$1.66,
638,2024-12-08,frozen_broccoli,0,0,0,0,No,$0.11,
639,2024-12-08,frozen_cauliflower,0,0,0,0,No,$0.32,
640,2024-12-08,frozen_cherries,0,0,0,0,No,$1.53,
641,2024-12-08,frozen_chopped_spinach,0,0,0,0,No,$0.40,
642,2024-12-08,frozen_cranberries,0,0,0,0,No,$3.03,
643,2024-12-08,frozen_edamame,0,0,9,3,No,$0.40,
644,2024-12-08,frozen_green_beans,0,0,0,0,No,$0.28,
645,2024-12-08,frozen_peaches,0,0,0,0,No,$0.76,
646,2024-12-08,frozen_peas,0,0,0,0,No,$0.28,
647,2024-12-08,frozen_pizza,0,0,0,0,No,$0.77,
648,2024-12-08,frozen_raspberries,0,0,0,0,No,$2.10,
649,2024-12-08,frozen_strawberries,0,0,0,0,No,$0.68,
650,2024-12-08,garden_salad,0,0,0,0,Yes,$1.50,
651,2024-12-08,granola_bar,0,0,0,0,No,$0.32,
652,2024-12-08,grapes,0,0,0,0,Yes,$1.06,
653,2024-12-08,great_northern_beans,0,0,7,57,No,$0.22,
654,2024-12-08,ground_beef,0,0,0,0,Yes,$2.37,
655,2024-12-08,jasmine_rice,0,0,12,1,No,$0.14,
656,2024-12-08,mixed_nuts,0,0,8,2,No,$0.29,
657,2024-12-08,mushrooms,0,0,0,0,Yes,$0.46,
658,2024-12-08,olive_oil,0,0,0,0,No,$0.48,
659,2024-12-08,pasta,0,0,0,0,No,$0.50,
660,2024-12-08,peanut_butter,0,0,12,300,No,$0.30,
661,2024-12-08,pinto_beans,0,0,12,27,No,$0.62,
662,2024-12-08,potatoes,0,0,0,0,Yes,$0.22,
663,2024-12-08,protein_bars,0,0,0,0,No,$2.42,
664,2024-12-08,raisins,0,0,6,163,No,$0.27,
665,2024-12-08,regular_milk,0,0,0,0,Yes,$0.83,
666,2024-12-08,shrimp,0,0,0,0,Yes,$2.28,
667,2024-12-08,sweet_potatoes,0,0,0,0,Yes,$0.27,
668,2024-12-08,white_rice,0,0,12,312,No,$0.33,
669,2024-12-08,yellow_onion,0,0,0,0,Yes,$1.13,
670,2024-12-08,yogurt,0,0,0,0,Yes,$0.63,
671,2024-12-15,almond_butter,14,1,0,14,No,$0.77,
672,2024-12-15,almond_milk,0,0,0,0,Yes,$0.31,
673,2024-12-15,apples,0,0,0,0,Yes,$0.95,
674,2024-12-15,avocados,0,0,0,0,Yes,$0.25,
675,2024-12-15,bananas,0,0,0,0,Yes,$0.16,
676,2024-12-15,black_beans,6,1,0,6,No,$0.62,
677,2024-12-15,blueberries,0,0,0,0,Yes,$2.00,
678,2024-12-15,bread,0,0,0,0,Yes,$0.26,
679,2024-12-15,broccoli,0,0,0,0,Yes,$0.80,
680,2024-12-15,broth,0,0,0,0,No,$0.75,
681,2024-12-15,butternut_squash,0,0,0,0,Yes,$0.60,
682,2024-12-15,canned_tuna,1,1,0,1,No,$1.79,
683,2024-12-15,carrots,0,0,0,0,Yes,$0.37,
684,2024-12-15,cherry_tomatoes,0,0,0,0,Yes,$0.72,
685,2024-12-15,chicken_breast,0,0,0,0,Yes,$1.50,
686,2024-12-15,chips,0,0,0,0,No,$0.96,
687,2024-12-15,chocolate,0,0,0,0,No,$0.86,
688,2024-12-15,chopped_kale,0,0,0,0,Yes,$0.60,
689,2024-12-15,corn,0,0,0,0,Yes,$0.64,
690,2024-12-15,cottage_cheese,0,0,0,0,Yes,$0.57,
691,2024-12-15,dates,0,0,0,0,No,$0.52,
692,2024-12-15,deli_turkey,0,0,0,0,Yes,$1.07,
693,2024-12-15,eggs_large,0,0,0,0,Yes,$0.42,
694,2024-12-15,feta_cheese,0,0,0,0,Yes,$0.79,
695,2024-12-15,fresh_celery,0,0,0,0,Yes,$0.40,
696,2024-12-15,frozen_blackberries,0,0,0,0,No,$1.50,
697,2024-12-15,frozen_blueberries,0,0,0,0,No,$1.20,
698,2024-12-15,frozen_breakfast_sandwich,8,1,0,8,No,$1.66,
699,2024-12-15,frozen_broccoli,0,0,0,0,No,$0.11,
700,2024-12-15,frozen_cauliflower,0,0,0,0,No,$0.32,
701,2024-12-15,frozen_cherries,0,0,0,0,No,$1.53,
702,2024-12-15,frozen_chopped_spinach,0,0,0,0,No,$0.40,
703,2024-12-15,frozen_cranberries,0,0,0,0,No,$3.03,
704,2024-12-15,frozen_edamame,55,11,8,49,No,$0.40,
705,2024-12-15,frozen_green_beans,0,0,0,0,No,$0.28,
706,2024-12-15,frozen_peaches,0,0,0,0,No,$0.76,
707,2024-12-15,frozen_peas,0,0,0,0,No,$0.28,
708,2024-12-15,frozen_pizza,6,1,0,6,No,$0.77,
709,2024-12-15,frozen_raspberries,0,0,0,0,No,$2.10,
710,2024-12-15,frozen_strawberries,0,0,0,0,No,$0.68,
711,2024-12-15,garden_salad,0,0,0,0,Yes,$1.50,
712,2024-12-15,granola_bar,8,1,0,8,No,$0.32,
713,2024-12-15,grapes,0,0,0,0,Yes,$1.06,
714,2024-12-15,great_northern_beans,0,0,7,50,No,$0.22,
715,2024-12-15,ground_beef,0,0,0,0,Yes,$2.37,
716,2024-12-15,jasmine_rice,80,4,12,69,No,$0.14,
717,2024-12-15,mixed_nuts,54,6,10,48,No,$0.29,
718,2024-12-15,mushrooms,0,0,0,0,Yes,$0.46,
719,2024-12-15,olive_oil,0,0,0,0,No,$0.48,
720,2024-12-15,pasta,0,0,0,0,No,$0.50,
721,2024-12-15,peanut_butter,0,0,12,288,No,$0.30,
722,2024-12-15,pinto_beans,36,9,12,51,No,$0.62,
723,2024-12-15,potatoes,0,0,0,0,Yes,$0.22,
724,2024-12-15,protein_bars,0,0,0,0,No,$2.42,
725,2024-12-15,raisins,0,0,5,157,No,$0.27,
726,2024-12-15,regular_milk,0,0,0,0,Yes,$0.83,
727,2024-12-15,shrimp,0,0,0,0,Yes,$2.28,
728,2024-12-15,sweet_potatoes,0,0,0,0,Yes,$0.27,
729,2024-12-15,white_rice,0,0,12,300,No,$0.33,
730,2024-12-15,yellow_onion,0,0,0,0,Yes,$1.13,
731,2024-12-15,yogurt,0,0,0,0,Yes,$0.63,
732,2024-12-22,almond_butter,0,0,0,14,No,$0.77,
733,2024-12-22,almond_milk,0,0,0,0,Yes,$0.31,
734,2024-12-22,apples,0,0,0,0,Yes,$0.95,
735,2024-12-22,avocados,0,0,0,0,Yes,$0.25,
736,2024-12-22,bananas,0,0,0,0,Yes,$0.16,
737,2024-12-22,black_beans,0,0,0,6,No,$0.62,
738,2024-12-22,blueberries,0,0,0,0,Yes,$2.00,
739,2024-12-22,bread,0,0,0,0,Yes,$0.26,
740,2024-12-22,broccoli,0,0,0,0,Yes,$0.80,
741,2024-12-22,broth,0,0,0,0,No,$0.75,
742,2024-12-22,butternut_squash,0,0,0,0,Yes,$0.60,
743,2024-12-22,canned_tuna,0,0,0,1,No,$1.79,
744,2024-12-22,carrots,0,0,0,0,Yes,$0.37,
745,2024-12-22,cherry_tomatoes,0,0,0,0,Yes,$0.72,
746,2024-12-22,chicken_breast,0,0,0,0,Yes,$1.50,
747,2024-12-22,chips,0,0,0,0,No,$0.96,
748,2024-12-22,chocolate,0,0,0,0,No,$0.86,
749,2024-12-22,chopped_kale,0,0,0,0,Yes,$0.60,
750,2024-12-22,corn,0,0,0,0,Yes,$0.64,
751,2024-12-22,cottage_cheese,0,0,0,0,Yes,$0.57,
752,2024-12-22,dates,0,0,0,0,No,$0.52,
753,2024-12-22,deli_turkey,0,0,0,0,Yes,$1.07,
754,2024-12-22,eggs_large,0,0,0,0,Yes,$0.42,
755,2024-12-22,feta_cheese,0,0,0,0,Yes,$0.79,
756,2024-12-22,fresh_celery,0,0,0,0,Yes,$0.40,
757,2024-12-22,frozen_blackberries,0,0,0,0,No,$1.50,
758,2024-12-22,frozen_blueberries,0,0,0,0,No,$1.20,
759,2024-12-22,frozen_breakfast_sandwich,0,0,0,8,No,$1.66,
760,2024-12-22,frozen_broccoli,0,0,0,0,No,$0.11,
761,2024-12-22,frozen_cauliflower,0,0,0,0,No,$0.32,
762,2024-12-22,frozen_cherries,0,0,0,0,No,$1.53,
763,2024-12-22,frozen_chopped_spinach,0,0,0,0,No,$0.40,
764,2024-12-22,frozen_cranberries,0,0,0,0,No,$3.03,
765,2024-12-22,frozen_edamame,0,0,8,41,No,$0.40,
766,2024-12-22,frozen_green_beans,0,0,0,0,No,$0.28,
767,2024-12-22,frozen_peaches,0,0,0,0,No,$0.76,
768,2024-12-22,frozen_peas,0,0,0,0,No,$0.28,
769,2024-12-22,frozen_pizza,0,0,1,6,No,$0.77,
770,2024-12-22,frozen_raspberries,0,0,0,0,No,$2.10,
771,2024-12-22,frozen_strawberries,0,0,0,0,No,$0.68,
772,2024-12-22,garden_salad,0,0,0,0,Yes,$1.50,
773,2024-12-22,granola_bar,0,0,0,8,No,$0.32,
774,2024-12-22,grapes,0,0,0,0,Yes,$1.06,
775,2024-12-22,great_northern_beans,0,0,7,43,No,$0.22,
776,2024-12-22,ground_beef,0,0,0,0,Yes,$2.37,
777,2024-12-22,jasmine_rice,0,0,12,57,No,$0.14,
778,2024-12-22,mixed_nuts,0,0,10,38,No,$0.29,
779,2024-12-22,mushrooms,0,0,0,0,Yes,$0.46,
780,2024-12-22,olive_oil,0,0,0,0,No,$0.48,
781,2024-12-22,pasta,0,0,0,0,No,$0.50,
782,2024-12-22,peanut_butter,0,0,12,276,No,$0.30,
783,2024-12-22,pinto_beans,0,0,12,39,No,$0.62,
784,2024-12-22,potatoes,0,0,0,0,Yes,$0.22,
785,2024-12-22,protein_bars,0,0,0,0,No,$2.42,
786,2024-12-22,raisins,0,0,5,152,No,$0.27,
787,2024-12-22,regular_milk,0,0,0,0,Yes,$0.83,
788,2024-12-22,shrimp,0,0,0,0,Yes,$2.28,
789,2024-12-22,sweet_potatoes,0,0,0,0,Yes,$0.27,
790,2024-12-22,white_rice,0,0,12,288,No,$0.33,
791,2024-12-22,yellow_onion,0,0,0,0,Yes,$1.13,
792,2024-12-22,yogurt,0,0,0,0,Yes,$0.63,
793,2024-12-29,almond_butter,0,0,0,14,No,$0.77,
794,2024-12-29,almond_milk,0,0,0,0,Yes,$0.31,
795,2024-12-29,apples,0,0,0,0,Yes,$0.95,
796,2024-12-29,avocados,0,0,0,0,Yes,$0.25,
797,2024-12-29,bananas,0,0,0,0,Yes,$0.16,
798,2024-12-29,black_beans,0,0,1,6,No,$0.62,
799,2024-12-29,blueberries,0,0,0,0,Yes,$2.00,
800,2024-12-29,bread,0,0,0,0,Yes,$0.26,
801,2024-12-29,broccoli,0,0,0,0,Yes,$0.80,
802,2024-12-29,broth,0,0,0,0,No,$0.75,
803,2024-12-29,butternut_squash,0,0,0,0,Yes,$0.60,
804,2024-12-29,canned_tuna,0,0,0,1,No,$1.79,
805,2024-12-29,carrots,0,0,0,0,Yes,$0.37,
806,2024-12-29,cherry_tomatoes,0,0,0,0,Yes,$0.72,
807,2024-12-29,chicken_breast,0,0,0,0,Yes,$1.50,
808,2024-12-29,chips,0,0,0,0,No,$0.96,
809,2024-12-29,chocolate,0,0,0,0,No,$0.86,
810,2024-12-29,chopped_kale,0,0,0,0,Yes,$0.60,
811,2024-12-29,corn,0,0,0,0,Yes,$0.64,
812,2024-12-29,cottage_cheese,0,0,0,0,Yes,$0.57,
813,2024-12-29,dates,0,0,0,0,No,$0.52,
814,2024-12-29,deli_turkey,0,0,0,0,Yes,$1.07,
815,2024-12-29,eggs_large,0,0,0,0,Yes,$0.42,
816,2024-12-29,feta_cheese,0,0,0,0,Yes,$0.79,
817,2024-12-29,fresh_celery,0,0,0,0,Yes,$0.40,
818,2024-12-29,frozen_blackberries,0,0,0,0,No,$1.50,
819,2024-12-29,frozen_blueberries,0,0,0,0,No,$1.20,
820,2024-12-29,frozen_breakfast_sandwich,0,0,0,8,No,$1.66,
821,2024-12-29,frozen_broccoli,0,0,0,0,No,$0.11,
822,2024-12-29,frozen_cauliflower,0,0,0,0,No,$0.32,
823,2024-12-29,frozen_cherries,0,0,0,0,No,$1.53,
824,2024-12-29,frozen_chopped_spinach,0,0,0,0,No,$0.40,
825,2024-12-29,frozen_cranberries,0,0,0,0,No,$3.03,
826,2024-12-29,frozen_edamame,0,0,11,33,No,$0.40,
827,2024-12-29,frozen_green_beans,0,0,0,0,No,$0.28,
828,2024-12-29,frozen_peaches,0,0,0,0,No,$0.76,
829,2024-12-29,frozen_peas,0,0,0,0,No,$0.28,
830,2024-12-29,frozen_pizza,0,0,0,5,No,$0.77,
831,2024-12-29,frozen_raspberries,0,0,0,0,No,$2.10,
832,2024-12-29,frozen_strawberries,0,0,0,0,No,$0.68,
833,2024-12-29,garden_salad,0,0,0,0,Yes,$1.50,
834,2024-12-29,granola_bar,0,0,0,8,No,$0.32,
835,2024-12-29,grapes,0,0,0,0,Yes,$1.06,
836,2024-12-29,great_northern_beans,0,0,5,36,No,$0.22,
837,2024-12-29,ground_beef,0,0,0,0,Yes,$2.37,
838,2024-12-29,jasmine_rice,0,0,12,45,No,$0.14,
839,2024-12-29,mixed_nuts,0,0,6,28,No,$0.29,
840,2024-12-29,mushrooms,0,0,0,0,Yes,$0.46,
841,2024-12-29,olive_oil,0,0,0,0,No,$0.48,
842,2024-12-29,pasta,0,0,0,0,No,$0.50,
843,2024-12-29,peanut_butter,0,0,12,264,No,$0.30,
844,2024-12-29,pinto_beans,0,0,12,27,No,$0.62,
845,2024-12-29,potatoes,0,0,0,0,Yes,$0.22,
846,2024-12-29,protein_bars,0,0,0,0,No,$2.42,
847,2024-12-29,raisins,0,0,7,147,No,$0.27,
848,2024-12-29,regular_milk,0,0,0,0,Yes,$0.83,
849,2024-12-29,shrimp,0,0,0,0,Yes,$2.28,
850,2024-12-29,sweet_potatoes,0,0,0,0,Yes,$0.27,
851,2024-12-29,white_rice,0,0,12,276,No,$0.33,
852,2024-12-29,yellow_onion,0,0,0,0,Yes,$1.13,
853,2024-12-29,yogurt,0,0,0,0,Yes,$0.63,
854,2025-01-05,almond_butter,0,0,0,14,No,$0.77,
855,2025-01-05,almond_milk,0,0,0,0,Yes,$0.31,
856,2025-01-05,apples,0,0,0,0,Yes,$0.95,
857,2025-01-05,avocados,0,0,0,0,Yes,$0.25,
858,2025-01-05,bananas,0,0,0,0,Yes,$0.16,
859,2025-01-05,black_beans,0,0,0,5,No,$0.62,
860,2025-01-05,blueberries,0,0,0,0,Yes,$2.00,
861,2025-01-05,bread,0,0,0,0,Yes,$0.26,
862,2025-01-05,broccoli,0,0,0,0,Yes,$0.80,
863,2025-01-05,broth,0,0,0,0,No,$0.75,
864,2025-01-05,butternut_squash,0,0,0,0,Yes,$0.60,
865,2025-01-05,canned_tuna,0,0,0,1,No,$1.79,
866,2025-01-05,carrots,0,0,0,0,Yes,$0.37,
867,2025-01-05,cherry_tomatoes,0,0,0,0,Yes,$0.72,
868,2025-01-05,chicken_breast,0,0,0,0,Yes,$1.50,
869,2025-01-05,chips,0,0,0,0,No,$0.96,
870,2025-01-05,chocolate,0,0,0,0,No,$0.86,
871,2025-01-05,chopped_kale,0,0,0,0,Yes,$0.60,
872,2025-01-05,corn,0,0,0,0,Yes,$0.64,
873,2025-01-05,cottage_cheese,0,0,0,0,Yes,$0.57,
874,2025-01-05,dates,0,0,0,0,No,$0.52,
875,2025-01-05,deli_turkey,0,0,0,0,Yes,$1.07,
876,2025-01-05,eggs_large,0,0,0,0,Yes,$0.42,
877,2025-01-05,feta_cheese,0,0,0,0,Yes,$0.79,
878,2025-01-05,fresh_celery,0,0,0,0,Yes,$0.40,
879,2025-01-05,frozen_blackberries,0,0,0,0,No,$1.50,
880,2025-01-05,frozen_blueberries,0,0,0,0,No,$1.20,
881,2025-01-05,frozen_breakfast_sandwich,0,0,0,8,No,$1.66,
882,2025-01-05,frozen_broccoli,0,0,0,0,No,$0.11,
883,2025-01-05,frozen_cauliflower,0,0,0,0,No,$0.32,
884,2025-01-05,frozen_cherries,0,0,0,0,No,$1.53,
885,2025-01-05,frozen_chopped_spinach,0,0,0,0,No,$0.40,
886,2025-01-05,frozen_cranberries,0,0,0,0,No,$3.03,
887,2025-01-05,frozen_edamame,0,0,9,22,No,$0.40,
888,2025-01-05,frozen_green_beans,0,0,0,0,No,$0.28,
889,2025-01-05,frozen_peaches,0,0,0,0,No,$0.76,
890,2025-01-05,frozen_peas,0,0,0,0,No,$0.28,
891,2025-01-05,frozen_pizza,0,0,0,5,No,$0.77,
892,2025-01-05,frozen_raspberries,0,0,0,0,No,$2.10,
893,2025-01-05,frozen_strawberries,0,0,0,0,No,$0.68,
894,2025-01-05,garden_salad,0,0,0,0,Yes,$1.50,
895,2025-01-05,granola_bar,0,0,0,8,No,$0.32,
896,2025-01-05,grapes,0,0,0,0,Yes,$1.06,
897,2025-01-05,great_northern_beans,0,0,7,31,No,$0.22,
898,2025-01-05,ground_beef,0,0,0,0,Yes,$2.37,
899,2025-01-05,jasmine_rice,0,0,12,33,No,$0.14,
900,2025-01-05,mixed_nuts,0,0,8,22,No,$0.29,
901,2025-01-05,mushrooms,0,0,0,0,Yes,$0.46,
902,2025-01-05,olive_oil,0,0,0,0,No,$0.48,
903,2025-01-05,pasta,0,0,0,0,No,$0.50,
904,2025-01-05,peanut_butter,0,0,12,252,No,$0.30,
905,2025-01-05,pinto_beans,0,0,12,15,No,$0.62,
906,2025-01-05,potatoes,0,0,0,0,Yes,$0.22,
907,2025-01-05,protein_bars,0,0,0,0,No,$2.42,
908,2025-01-05,raisins,0,0,6,140,No,$0.27,
909,2025-01-05,regular_milk,0,0,0,0,Yes,$0.83,
910,2025-01-05,shrimp,0,0,0,0,Yes,$2.28,
911,2025-01-05,sweet_potatoes,0,0,0,0,Yes,$0.27,
912,2025-01-05,white_rice,0,0,12,264,No,$0.33,
913,2025-01-05,yellow_onion,0,0,0,0,Yes,$1.13,
914,2025-01-05,yogurt,0,0,0,0,Yes,$0.63,
915,2025-01-12,almond_butter,0,0,12,14,No,$0.77,
916,2025-01-12,almond_milk,0,0,0,0,Yes,$0.31,
917,2025-01-12,apples,0,0,0,0,Yes,$0.95,
918,2025-01-12,avocados,0,0,0,0,Yes,$0.25,
919,2025-01-12,bananas,0,0,0,0,Yes,$0.16,
920,2025-01-12,black_beans,0,0,4,5,No,$0.62,
921,2025-01-12,blueberries,0,0,0,0,Yes,$2.00,
922,2025-01-12,bread,0,0,0,0,Yes,$0.26,
923,2025-01-12,broccoli,0,0,0,0,Yes,$0.80,
924,2025-01-12,broth,0,0,0,0,No,$0.75,
925,2025-01-12,butternut_squash,0,0,0,0,Yes,$0.60,
926,2025-01-12,canned_tuna,0,0,1,1,No,$1.79,
927,2025-01-12,carrots,0,0,0,0,Yes,$0.37,
928,2025-01-12,cherry_tomatoes,0,0,0,0,Yes,$0.72,
929,2025-01-12,chicken_breast,0,0,0,0,Yes,$1.50,
930,2025-01-12,chips,0,0,0,0,No,$0.96,
931,2025-01-12,chocolate,0,0,0,0,No,$0.86,
932,2025-01-12,chopped_kale,0,0,0,0,Yes,$0.60,
933,2025-01-12,corn,0,0,0,0,Yes,$0.64,
934,2025-01-12,cottage_cheese,0,0,0,0,Yes,$0.57,
935,2025-01-12,dates,0,0,0,0,No,$0.52,
936,2025-01-12,deli_turkey,0,0,0,0,Yes,$1.07,
937,2025-01-12,eggs_large,0,0,0,0,Yes,$0.42,
938,2025-01-12,feta_cheese,0,0,0,0,Yes,$0.79,
939,2025-01-12,fresh_celery,0,0,0,0,Yes,$0.40,
940,2025-01-12,frozen_blackberries,0,0,0,0,No,$1.50,
941,2025-01-12,frozen_blueberries,0,0,0,0,No,$1.20,
942,2025-01-12,frozen_breakfast_sandwich,0,0,7,8,No,$1.66,
943,2025-01-12,frozen_broccoli,0,0,0,0,No,$0.11,
944,2025-01-12,frozen_cauliflower,0,0,0,0,No,$0.32,
945,2025-01-12,frozen_cherries,0,0,0,0,No,$1.53,
946,2025-01-12,frozen_chopped_spinach,0,0,0,0,No,$0.40,
947,2025-01-12,frozen_cranberries,0,0,0,0,No,$3.03,
948,2025-01-12,frozen_edamame,0,0,12,13,No,$0.40,
949,2025-01-12,frozen_green_beans,0,0,0,0,No,$0.28,
950,2025-01-12,frozen_peaches,0,0,0,0,No,$0.76,
951,2025-01-12,frozen_peas,0,0,0,0,No,$0.28,
952,2025-01-12,frozen_pizza,0,0,0,5,No,$0.77,
953,2025-01-12,frozen_raspberries,0,0,0,0,No,$2.10,
954,2025-01-12,frozen_strawberries,0,0,0,0,No,$0.68,
955,2025-01-12,garden_salad,0,0,0,0,Yes,$1.50,
956,2025-01-12,granola_bar,0,0,0,8,No,$0.32,
957,2025-01-12,grapes,0,0,0,0,Yes,$1.06,
958,2025-01-12,great_northern_beans,0,0,11,24,No,$0.22,
959,2025-01-12,ground_beef,0,0,0,0,Yes,$2.37,
960,2025-01-12,jasmine_rice,0,0,3,21,No,$0.14,
961,2025-01-12,mixed_nuts,0,0,7,14,No,$0.29,
962,2025-01-12,mushrooms,0,0,0,0,Yes,$0.46,
963,2025-01-12,olive_oil,0,0,0,0,No,$0.48,
964,2025-01-12,pasta,0,0,0,0,No,$0.50,
965,2025-01-12,peanut_butter,0,0,12,240,No,$0.30,
966,2025-01-12,pinto_beans,0,0,3,3,No,$0.62,
967,2025-01-12,potatoes,0,0,0,0,Yes,$0.22,
968,2025-01-12,protein_bars,0,0,0,0,No,$2.42,
969,2025-01-12,raisins,0,0,7,134,No,$0.27,
970,2025-01-12,regular_milk,0,0,0,0,Yes,$0.83,
971,2025-01-12,shrimp,0,0,0,0,Yes,$2.28,
972,2025-01-12,sweet_potatoes,0,0,0,0,Yes,$0.27,
973,2025-01-12,white_rice,0,0,12,252,No,$0.33,
974,2025-01-12,yellow_onion,0,0,0,0,Yes,$1.13,
975,2025-01-12,yogurt,0,0,0,0,Yes,$0.63,
976,2025-01-19,almond_butter,0,0,0,2,No,$0.77,
977,2025-01-19,almond_milk,0,0,0,0,Yes,$0.31,
978,2025-01-19,apples,0,0,0,0,Yes,$0.95,
979,2025-01-19,avocados,0,0,0,0,Yes,$0.25,
980,2025-01-19,bananas,0,0,0,0,Yes,$0.16,
981,2025-01-19,black_beans,0,0,0,1,No,$0.62,
982,2025-01-19,blueberries,0,0,0,0,Yes,$2.00,
983,2025-01-19,bread,0,0,0,0,Yes,$0.26,
984,2025-01-19,broccoli,0,0,0,0,Yes,$0.80,
985,2025-01-19,broth,0,0,0,0,No,$0.75,
986,2025-01-19,butternut_squash,0,0,0,0,Yes,$0.60,
987,2025-01-19,canned_tuna,0,0,1,0,No,$1.79,
988,2025-01-19,carrots,0,0,0,0,Yes,$0.37,
989,2025-01-19,cherry_tomatoes,0,0,0,0,Yes,$0.72,
990,2025-01-19,chicken_breast,0,0,0,0,Yes,$1.50,
991,2025-01-19,chips,0,0,0,0,No,$0.96,
992,2025-01-19,chocolate,0,0,0,0,No,$0.86,
993,2025-01-19,chopped_kale,0,0,0,0,Yes,$0.60,
994,2025-01-19,corn,0,0,0,0,Yes,$0.64,
995,2025-01-19,cottage_cheese,0,0,0,0,Yes,$0.57,
996,2025-01-19,dates,0,0,0,0,No,$0.52,
997,2025-01-19,deli_turkey,0,0,0,0,Yes,$1.07,
998,2025-01-19,eggs_large,0,0,0,0,Yes,$0.42,
999,2025-01-19,feta_cheese,0,0,0,0,Yes,$0.79,
1000,2025-01-19,fresh_celery,0,0,0,0,Yes,$0.40,
1001,2025-01-19,frozen_blackberries,0,0,0,0,No,$1.50,
1002,2025-01-19,frozen_blueberries,0,0,0,0,No,$1.20,
1003,2025-01-19,frozen_breakfast_sandwich,0,0,0,1,No,$1.66,
1004,2025-01-19,frozen_broccoli,0,0,0,0,No,$0.11,
1005,2025-01-19,frozen_cauliflower,0,0,0,0,No,$0.32,
1006,2025-01-19,frozen_cherries,0,0,0,0,No,$1.53,
1007,2025-01-19,frozen_chopped_spinach,0,0,0,0,No,$0.40,
1008,2025-01-19,frozen_cranberries,0,0,0,0,No,$3.03,
1009,2025-01-19,frozen_edamame,0,0,8,1,No,$0.40,
1010,2025-01-19,frozen_green_beans,0,0,0,0,No,$0.28,
1011,2025-01-19,frozen_peaches,0,0,0,0,No,$0.76,
1012,2025-01-19,frozen_peas,0,0,0,0,No,$0.28,
1013,2025-01-19,frozen_pizza,0,0,2,5,No,$0.77,
1014,2025-01-19,frozen_raspberries,0,0,0,0,No,$2.10,
1015,2025-01-19,frozen_strawberries,0,0,0,0,No,$0.68,
1016,2025-01-19,garden_salad,0,0,0,0,Yes,$1.50,
1017,2025-01-19,granola_bar,0,0,0,8,No,$0.32,
1018,2025-01-19,grapes,0,0,0,0,Yes,$1.06,
1019,2025-01-19,great_northern_beans,0,0,11,13,No,$0.22,
1020,2025-01-19,ground_beef,0,0,0,0,Yes,$2.37,
1021,2025-01-19,jasmine_rice,0,0,12,18,No,$0.14,
1022,2025-01-19,mixed_nuts,0,0,6,7,No,$0.29,
1023,2025-01-19,mushrooms,0,0,0,0,Yes,$0.46,
1024,2025-01-19,olive_oil,0,0,0,0,No,$0.48,
1025,2025-01-19,pasta,0,0,0,0,No,$0.50,
1026,2025-01-19,peanut_butter,0,0,12,228,No,$0.30,
1027,2025-01-19,pinto_beans,0,0,10,0,No,$0.62,
1028,2025-01-19,potatoes,0,0,0,0,Yes,$0.22,
1029,2025-01-19,protein_bars,0,0,0,0,No,$2.42,
1030,2025-01-19,raisins,0,0,10,127,No,$0.27,
1031,2025-01-19,regular_milk,0,0,0,0,Yes,$0.83,
1032,2025-01-19,shrimp,0,0,0,0,Yes,$2.28,
1033,2025-01-19,sweet_potatoes,0,0,0,0,Yes,$0.27,
1034,2025-01-19,white_rice,0,0,12,240,No,$0.33,
1035,2025-01-19,yellow_onion,0,0,0,0,Yes,$1.13,
1036,2025-01-19,yogurt,0,0,0,0,Yes,$0.63,
1037,2025-01-26,almond_butter,0,0,0,2,No,$0.77,
1038,2025-01-26,almond_milk,0,0,0,0,Yes,$0.31,
1039,2025-01-26,apples,0,0,0,0,Yes,$0.95,
1040,2025-01-26,avocados,0,0,0,0,Yes,$0.25,
1041,2025-01-26,bananas,0,0,0,0,Yes,$0.16,
1042,2025-01-26,black_beans,0,0,0,1,No,$0.62,
1043,2025-01-26,blueberries,0,0,0,0,Yes,$2.00,
1044,2025-01-26,bread,0,0,0,0,Yes,$0.26,
1045,2025-01-26,broccoli,0,0,0,0,Yes,$0.80,
1046,2025-01-26,broth,0,0,0,0,No,$0.75,
1047,2025-01-26,butternut_squash,0,0,0,0,Yes,$0.60,
1048,2025-01-26,canned_tuna,1,1,0,0,No,$1.79,
1049,2025-01-26,carrots,0,0,0,0,Yes,$0.37,
1050,2025-01-26,cherry_tomatoes,0,0,0,0,Yes,$0.72,
1051,2025-01-26,chicken_breast,0,0,0,0,Yes,$1.50,
1052,2025-01-26,chips,5,1,0,5,No,$0.96,
1053,2025-01-26,chocolate,0,0,0,0,No,$0.86,
1054,2025-01-26,chopped_kale,0,0,0,0,Yes,$0.60,
1055,2025-01-26,corn,0,0,0,0,Yes,$0.64,
1056,2025-01-26,cottage_cheese,0,0,0,0,Yes,$0.57,
1057,2025-01-26,dates,0,0,0,0,No,$0.52,
1058,2025-01-26,deli_turkey,0,0,0,0,Yes,$1.07,
1059,2025-01-26,eggs_large,0,0,0,0,Yes,$0.42,
1060,2025-01-26,feta_cheese,8,1,8,8,Yes,$0.79,
1061,2025-01-26,fresh_celery,5,1,5,5,Yes,$0.40,
1062,2025-01-26,frozen_blackberries,0,0,0,0,No,$1.50,
1063,2025-01-26,frozen_blueberries,0,0,0,0,No,$1.20,
1064,2025-01-26,frozen_breakfast_sandwich,0,0,0,1,No,$1.66,
1065,2025-01-26,frozen_broccoli,0,0,2,0,No,$0.11,
1066,2025-01-26,frozen_cauliflower,0,0,4,0,No,$0.32,
1067,2025-01-26,frozen_cherries,0,0,0,0,No,$1.53,
1068,2025-01-26,frozen_chopped_spinach,0,0,0,0,No,$0.40,
1069,2025-01-26,frozen_cranberries,0,0,0,0,No,$3.03,
1070,2025-01-26,frozen_edamame,15,3,9,8,No,$0.40,
1071,2025-01-26,frozen_green_beans,0,0,0,0,No,$0.28,
1072,2025-01-26,frozen_peaches,0,0,0,0,No,$0.76,
1073,2025-01-26,frozen_peas,0,0,0,0,No,$0.28,
1074,2025-01-26,frozen_pizza,0,0,0,3,No,$0.77,
1075,2025-01-26,frozen_raspberries,0,0,0,0,No,$2.10,
1076,2025-01-26,frozen_strawberries,0,0,0,0,No,$0.68,
1077,2025-01-26,garden_salad,0,0,0,0,Yes,$1.50,
1078,2025-01-26,granola_bar,0,0,0,8,No,$0.32,
1079,2025-01-26,grapes,0,0,0,0,Yes,$1.06,
1080,2025-01-26,great_northern_beans,0,0,0,2,No,$0.22,
1081,2025-01-26,ground_beef,0,0,0,0,Yes,$2.37,
1082,2025-01-26,jasmine_rice,100,5,7,106,No,$0.14,
1083,2025-01-26,mixed_nuts,72,8,9,73,No,$0.29,
1084,2025-01-26,mushrooms,0,0,0,0,Yes,$0.46,
1085,2025-01-26,olive_oil,0,0,0,0,No,$0.48,
1086,2025-01-26,pasta,0,0,0,0,No,$0.50,
1087,2025-01-26,peanut_butter,0,0,12,216,No,$0.30,
1088,2025-01-26,pinto_beans,28,7,11,18,No,$0.62,
1089,2025-01-26,potatoes,0,0,0,0,Yes,$0.22,
1090,2025-01-26,protein_bars,0,0,0,0,No,$2.42,
1091,2025-01-26,raisins,7,1,6,124,No,$0.27,
1092,2025-01-26,regular_milk,0,0,0,0,Yes,$0.83,
1093,2025-01-26,shrimp,0,0,0,0,Yes,$2.28,
1094,2025-01-26,sweet_potatoes,0,0,0,0,Yes,$0.27,
1095,2025-01-26,white_rice,0,0,12,228,No,$0.33,
1096,2025-01-26,yellow_onion,0,0,0,0,Yes,$1.13,
1097,2025-01-26,yogurt,0,0,0,0,Yes,$0.63,
1098,2025-02-02,almond_butter,0,0,0,2,No,$0.77,
1099,2025-02-02,almond_milk,0,0,0,0,Yes,$0.31,
1100,2025-02-02,apples,0,0,0,0,Yes,$0.95,
1101,2025-02-02,avocados,0,0,0,0,Yes,$0.25,
1102,2025-02-02,bananas,0,0,0,0,Yes,$0.16,
1103,2025-02-02,black_beans,0,0,1,1,No,$0.62,
1104,2025-02-02,blueberries,0,0,0,0,Yes,$2.00,
1105,2025-02-02,bread,0,0,0,0,Yes,$0.26,
1106,2025-02-02,broccoli,0,0,0,0,Yes,$0.80,
1107,2025-02-02,broth,0,0,0,0,No,$0.75,
1108,2025-02-02,butternut_squash,0,0,0,0,Yes,$0.60,
1109,2025-02-02,canned_tuna,0,0,0,0,No,$1.79,
1110,2025-02-02,carrots,0,0,0,0,Yes,$0.37,
1111,2025-02-02,cherry_tomatoes,0,0,0,0,Yes,$0.72,
1112,2025-02-02,chicken_breast,0,0,0,0,Yes,$1.50,
1113,2025-02-02,chips,0,0,0,5,No,$0.96,
1114,2025-02-02,chocolate,0,0,0,0,No,$0.86,
1115,2025-02-02,chopped_kale,0,0,0,0,Yes,$0.60,
1116,2025-02-02,corn,0,0,0,0,Yes,$0.64,
1117,2025-02-02,cottage_cheese,0,0,0,0,Yes,$0.57,
1118,2025-02-02,dates,0,0,0,0,No,$0.52,
1119,2025-02-02,deli_turkey,0,0,0,0,Yes,$1.07,
1120,2025-02-02,eggs_large,0,0,0,0,Yes,$0.42,
1121,2025-02-02,feta_cheese,8,1,8,8,Yes,$0.79,
1122,2025-02-02,fresh_celery,0,0,0,0,Yes,$0.40,
1123,2025-02-02,frozen_blackberries,0,0,0,0,No,$1.50,
1124,2025-02-02,frozen_blueberries,0,0,0,0,No,$1.20,
1125,2025-02-02,frozen_breakfast_sandwich,0,0,0,1,No,$1.66,
1126,2025-02-02,frozen_broccoli,15,1,0,13,No,$0.11,
1127,2025-02-02,frozen_cauliflower,5,1,0,1,No,$0.32,
1128,2025-02-02,frozen_cherries,0,0,3,0,No,$1.53,
1129,2025-02-02,frozen_chopped_spinach,0,0,0,0,No,$0.40,
1130,2025-02-02,frozen_cranberries,0,0,0,0,No,$3.03,
1131,2025-02-02,frozen_edamame,5,1,2,4,No,$0.40,
1132,2025-02-02,frozen_green_beans,0,0,3,0,No,$0.28,
1133,2025-02-02,frozen_peaches,0,0,0,0,No,$0.76,
1134,2025-02-02,frozen_peas,10,2,9,10,No,$0.28,
1135,2025-02-02,frozen_pizza,0,0,0,3,No,$0.77,
1136,2025-02-02,frozen_raspberries,0,0,0,0,No,$2.10,
1137,2025-02-02,frozen_strawberries,0,0,0,0,No,$0.68,
1138,2025-02-02,garden_salad,0,0,0,0,Yes,$1.50,
1139,2025-02-02,granola_bar,0,0,0,8,No,$0.32,
1140,2025-02-02,grapes,0,0,0,0,Yes,$1.06,
1141,2025-02-02,great_northern_beans,8,2,8,10,No,$0.22,
1142,2025-02-02,ground_beef,0,0,0,0,Yes,$2.37,
1143,2025-02-02,jasmine_rice,0,0,12,99,No,$0.14,
1144,2025-02-02,mixed_nuts,54,6,2,118,No,$0.29,
1145,2025-02-02,mushrooms,0,0,0,0,Yes,$0.46,
1146,2025-02-02,olive_oil,0,0,0,0,No,$0.48,
1147,2025-02-02,pasta,0,0,0,0,No,$0.50,
1148,2025-02-02,peanut_butter,0,0,12,204,No,$0.30,
1149,2025-02-02,pinto_beans,72,18,9,79,No,$0.62,
1150,2025-02-02,potatoes,0,0,0,0,Yes,$0.22,
1151,2025-02-02,protein_bars,0,0,0,0,No,$2.42,
1152,2025-02-02,raisins,0,0,7,118,No,$0.27,
1153,2025-02-02,regular_milk,0,0,0,0,Yes,$0.83,
1154,2025-02-02,shrimp,0,0,0,0,Yes,$2.28,
1155,2025-02-02,sweet_potatoes,0,0,0,0,Yes,$0.27,
1156,2025-02-02,white_rice,0,0,12,216,No,$0.33,
1157,2025-02-02,yellow_onion,0,0,0,0,Yes,$1.13,
1158,2025-02-02,yogurt,0,0,0,0,Yes,$0.63,
1159,2025-02-09,almond_butter,0,0,2,2,No,$0.77,
1160,2025-02-09,almond_milk,0,0,0,0,Yes,$0.31,
1161,2025-02-09,apples,0,0,0,0,Yes,$0.95,
1162,2025-02-09,avocados,0,0,0,0,Yes,$0.25,
1163,2025-02-09,bananas,0,0,0,0,Yes,$0.16,
1164,2025-02-09,black_beans,0,0,0,0,No,$0.62,
1165,2025-02-09,blueberries,0,0,0,0,Yes,$2.00,
1166,2025-02-09,bread,0,0,0,0,Yes,$0.26,
1167,2025-02-09,broccoli,0,0,0,0,Yes,$0.80,
1168,2025-02-09,broth,0,0,0,0,No,$0.75,
1169,2025-02-09,butternut_squash,0,0,0,0,Yes,$0.60,
1170,2025-02-09,canned_tuna,0,0,0,0,No,$1.79,
1171,2025-02-09,carrots,0,0,0,0,Yes,$0.37,
1172,2025-02-09,cherry_tomatoes,0,0,0,0,Yes,$0.72,
1173,2025-02-09,chicken_breast,0,0,0,0,Yes,$1.50,
1174,2025-02-09,chips,0,0,12,5,No,$0.96,
1175,2025-02-09,chocolate,0,0,6,0,No,$0.86,
1176,2025-02-09,chopped_kale,5,1,5,5,Yes,$0.60,
1177,2025-02-09,corn,0,0,0,0,Yes,$0.64,
1178,2025-02-09,cottage_cheese,0,0,0,0,Yes,$0.57,
1179,2025-02-09,dates,0,0,0,0,No,$0.52,
1180,2025-02-09,deli_turkey,0,0,0,0,Yes,$1.07,
1181,2025-02-09,eggs_large,0,0,0,0,Yes,$0.42,
1182,2025-02-09,feta_cheese,8,1,8,8,Yes,$0.79,
1183,2025-02-09,fresh_celery,0,0,0,0,Yes,$0.40,
1184,2025-02-09,frozen_blackberries,0,0,0,0,No,$1.50,
1185,2025-02-09,frozen_blueberries,0,0,0,0,No,$1.20,
1186,2025-02-09,frozen_breakfast_sandwich,0,0,1,1,No,$1.66,
1187,2025-02-09,frozen_broccoli,0,0,2,13,No,$0.11,
1188,2025-02-09,frozen_cauliflower,0,0,0,1,No,$0.32,
1189,2025-02-09,frozen_cherries,9,3,4,6,No,$1.53,
1190,2025-02-09,frozen_chopped_spinach,0,0,5,0,No,$0.40,
1191,2025-02-09,frozen_cranberries,3,1,2,3,No,$3.03,
1192,2025-02-09,frozen_edamame,70,14,1,72,No,$0.40,
1193,2025-02-09,frozen_green_beans,5,1,2,2,No,$0.28,
1194,2025-02-09,frozen_peaches,0,0,0,0,No,$0.76,
1195,2025-02-09,frozen_peas,0,0,0,1,No,$0.28,
1196,2025-02-09,frozen_pizza,0,0,0,3,No,$0.77,
1197,2025-02-09,frozen_raspberries,0,0,0,0,No,$2.10,
1198,2025-02-09,frozen_strawberries,0,0,0,0,No,$0.68,
1199,2025-02-09,garden_salad,0,0,0,0,Yes,$1.50,
1200,2025-02-09,granola_bar,0,0,6,8,No,$0.32,
1201,2025-02-09,grapes,0,0,0,0,Yes,$1.06,
1202,2025-02-09,great_northern_beans,16,4,4,18,No,$0.22,
1203,2025-02-09,ground_beef,0,0,0,0,Yes,$2.37,
1204,2025-02-09,jasmine_rice,0,0,0,87,No,$0.14,
1205,2025-02-09,mixed_nuts,0,0,4,116,No,$0.29,
1206,2025-02-09,mushrooms,0,0,0,0,Yes,$0.46,
1207,2025-02-09,olive_oil,0,0,0,0,No,$0.48,
1208,2025-02-09,pasta,0,0,8,0,No,$0.50,
1209,2025-02-09,peanut_butter,0,0,12,192,No,$0.30,
1210,2025-02-09,pinto_beans,16,4,6,86,No,$0.62,
1211,2025-02-09,potatoes,0,0,0,0,Yes,$0.22,
1212,2025-02-09,protein_bars,0,0,0,0,No,$2.42,
1213,2025-02-09,raisins,0,0,7,111,No,$0.27,
1214,2025-02-09,regular_milk,0,0,0,0,Yes,$0.83,
1215,2025-02-09,shrimp,0,0,0,0,Yes,$2.28,
1216,2025-02-09,sweet_potatoes,0,0,0,0,Yes,$0.27,
1217,2025-02-09,white_rice,0,0,12,204,No,$0.33,
1218,2025-02-09,yellow_onion,0,0,0,0,Yes,$1.13,
1219,2025-02-09,yogurt,0,0,0,0,Yes,$0.63,
1220,2025-02-16,almond_butter,0,0,0,0,No,$0.77,
1221,2025-02-16,almond_milk,0,0,0,0,Yes,$0.31,
1222,2025-02-16,apples,0,0,0,0,Yes,$0.95,
1223,2025-02-16,avocados,0,0,0,0,Yes,$0.25,
1224,2025-02-16,bananas,0,0,0,0,Yes,$0.16,
1225,2025-02-16,black_beans,0,0,0,0,No,$0.62,
1226,2025-02-16,blueberries,0,0,0,0,Yes,$2.00,
1227,2025-02-16,bread,0,0,0,0,Yes,$0.26,
1228,2025-02-16,broccoli,0,0,0,0,Yes,$0.80,
1229,2025-02-16,broth,28,7,12,28,No,$0.75,
1230,2025-02-16,butternut_squash,0,0,0,0,Yes,$0.60,
1231,2025-02-16,canned_tuna,0,0,0,0,No,$1.79,
1232,2025-02-16,carrots,0,0,0,0,Yes,$0.37,
1233,2025-02-16,cherry_tomatoes,0,0,0,0,Yes,$0.72,
1234,2025-02-16,chicken_breast,3,1,3,3,Yes,$1.50,
1235,2025-02-16,chips,40,8,0,33,No,$0.96,
1236,2025-02-16,chocolate,6,2,0,0,No,$0.86,
1237,2025-02-16,chopped_kale,0,0,0,0,Yes,$0.60,
1238,2025-02-16,corn,0,0,0,0,Yes,$0.64,
1239,2025-02-16,cottage_cheese,0,0,0,0,Yes,$0.57,
1240,2025-02-16,dates,0,0,0,0,No,$0.52,
1241,2025-02-16,deli_turkey,0,0,0,0,Yes,$1.07,
1242,2025-02-16,eggs_large,0,0,0,0,Yes,$0.42,
1243,2025-02-16,feta_cheese,0,0,0,0,Yes,$0.79,
1244,2025-02-16,fresh_celery,0,0,0,0,Yes,$0.40,
1245,2025-02-16,frozen_blackberries,0,0,0,0,No,$1.50,
1246,2025-02-16,frozen_blueberries,0,0,0,0,No,$1.20,
1247,2025-02-16,frozen_breakfast_sandwich,0,0,0,0,No,$1.66,
1248,2025-02-16,frozen_broccoli,0,0,1,11,No,$0.11,
1249,2025-02-16,frozen_cauliflower,0,0,0,1,No,$0.32,
1250,2025-02-16,frozen_cherries,0,0,0,2,No,$1.53,
1251,2025-02-16,frozen_chopped_spinach,5,1,0,0,No,$0.40,
1252,2025-02-16,frozen_cranberries,0,0,1,1,No,$3.03,
1253,2025-02-16,frozen_edamame,0,0,9,71,No,$0.40,
1254,2025-02-16,frozen_green_beans,0,0,0,0,No,$0.28,
1255,2025-02-16,frozen_peaches,0,0,0,0,No,$0.76,
1256,2025-02-16,frozen_peas,0,0,0,1,No,$0.28,
1257,2025-02-16,frozen_pizza,0,0,0,3,No,$0.77,
1258,2025-02-16,frozen_raspberries,0,0,0,0,No,$2.10,
1259,2025-02-16,frozen_strawberries,0,0,0,0,No,$0.68,
1260,2025-02-16,garden_salad,0,0,0,0,Yes,$1.50,
1261,2025-02-16,granola_bar,0,0,0,2,No,$0.32,
1262,2025-02-16,grapes,0,0,0,0,Yes,$1.06,
1263,2025-02-16,great_northern_beans,0,0,6,14,No,$0.22,
1264,2025-02-16,ground_beef,0,0,0,0,Yes,$2.37,
1265,2025-02-16,jasmine_rice,0,0,11,87,No,$0.14,
1266,2025-02-16,mixed_nuts,0,0,8,112,No,$0.29,
1267,2025-02-16,mushrooms,0,0,0,0,Yes,$0.46,
1268,2025-02-16,olive_oil,0,0,0,0,No,$0.48,
1269,2025-02-16,pasta,8,1,0,0,No,$0.50,
1270,2025-02-16,peanut_butter,0,0,12,180,No,$0.30,
1271,2025-02-16,pinto_beans,0,0,12,80,No,$0.62,
1272,2025-02-16,potatoes,0,0,0,0,Yes,$0.22,
1273,2025-02-16,protein_bars,0,0,0,0,No,$2.42,
1274,2025-02-16,raisins,0,0,6,104,No,$0.27,
1275,2025-02-16,regular_milk,0,0,0,0,Yes,$0.83,
1276,2025-02-16,shrimp,0,0,0,0,Yes,$2.28,
1277,2025-02-16,sweet_potatoes,0,0,0,0,Yes,$0.27,
1278,2025-02-16,white_rice,0,0,12,192,No,$0.33,
1279,2025-02-16,yellow_onion,0,0,0,0,Yes,$1.13,
1280,2025-02-16,yogurt,0,0,0,0,Yes,$0.63,
1281,2025-02-23,almond_butter,0,0,0,0,No,$0.77,
1282,2025-02-23,almond_milk,0,0,0,0,Yes,$0.31,
1283,2025-02-23,apples,0,0,0,0,Yes,$0.95,
1284,2025-02-23,avocados,0,0,0,0,Yes,$0.25,
1285,2025-02-23,bananas,0,0,0,0,Yes,$0.16,
1286,2025-02-23,black_beans,0,0,0,0,No,$0.62,
1287,2025-02-23,blueberries,0,0,0,0,Yes,$2.00,
1288,2025-02-23,bread,0,0,0,0,Yes,$0.26,
1289,2025-02-23,broccoli,0,0,0,0,Yes,$0.80,
1290,2025-02-23,broth,0,0,12,16,No,$0.75,
1291,2025-02-23,butternut_squash,0,0,0,0,Yes,$0.60,
1292,2025-02-23,canned_tuna,0,0,0,0,No,$1.79,
1293,2025-02-23,carrots,0,0,0,0,Yes,$0.37,
1294,2025-02-23,cherry_tomatoes,0,0,0,0,Yes,$0.72,
1295,2025-02-23,chicken_breast,0,0,0,0,Yes,$1.50,
1296,2025-02-23,chips,0,0,0,33,No,$0.96,
1297,2025-02-23,chocolate,0,0,0,0,No,$0.86,
1298,2025-02-23,chopped_kale,0,0,0,0,Yes,$0.60,
1299,2025-02-23,corn,0,0,0,0,Yes,$0.64,
1300,2025-02-23,cottage_cheese,0,0,0,0,Yes,$0.57,
1301,2025-02-23,dates,0,0,0,0,No,$0.52,
1302,2025-02-23,deli_turkey,0,0,0,0,Yes,$1.07,
1303,2025-02-23,eggs_large,0,0,0,0,Yes,$0.42,
1304,2025-02-23,feta_cheese,0,0,0,0,Yes,$0.79,
1305,2025-02-23,fresh_celery,0,0,0,0,Yes,$0.40,
1306,2025-02-23,frozen_blackberries,0,0,0,0,No,$1.50,
1307,2025-02-23,frozen_blueberries,0,0,0,0,No,$1.20,
1308,2025-02-23,frozen_breakfast_sandwich,0,0,0,0,No,$1.66,
1309,2025-02-23,frozen_broccoli,0,0,0,10,No,$0.11,
1310,2025-02-23,frozen_cauliflower,0,0,0,1,No,$0.32,
1311,2025-02-23,frozen_cherries,0,0,0,2,No,$1.53,
1312,2025-02-23,frozen_chopped_spinach,0,0,0,0,No,$0.40,
1313,2025-02-23,frozen_cranberries,0,0,1,0,No,$3.03,
1314,2025-02-23,frozen_edamame,0,0,10,62,No,$0.40,
1315,2025-02-23,frozen_green_beans,0,0,0,0,No,$0.28,
1316,2025-02-23,frozen_peaches,0,0,0,0,No,$0.76,
1317,2025-02-23,frozen_peas,0,0,0,1,No,$0.28,
1318,2025-02-23,frozen_pizza,0,0,0,3,No,$0.77,
1319,2025-02-23,frozen_raspberries,0,0,0,0,No,$2.10,
1320,2025-02-23,frozen_strawberries,0,0,0,0,No,$0.68,
1321,2025-02-23,garden_salad,0,0,0,0,Yes,$1.50,
1322,2025-02-23,granola_bar,0,0,0,2,No,$0.32,
1323,2025-02-23,grapes,0,0,0,0,Yes,$1.06,
1324,2025-02-23,great_northern_beans,0,0,5,8,No,$0.22,
1325,2025-02-23,ground_beef,0,0,0,0,Yes,$2.37,
1326,2025-02-23,jasmine_rice,0,0,10,76,No,$0.14,
1327,2025-02-23,mixed_nuts,0,0,12,104,No,$0.29,
1328,2025-02-23,mushrooms,0,0,0,0,Yes,$0.46,
1329,2025-02-23,olive_oil,0,0,0,0,No,$0.48,
1330,2025-02-23,pasta,0,0,5,0,No,$0.50,
1331,2025-02-23,peanut_butter,0,0,12,168,No,$0.30,
1332,2025-02-23,pinto_beans,0,0,11,68,No,$0.62,
1333,2025-02-23,potatoes,0,0,0,0,Yes,$0.22,
1334,2025-02-23,protein_bars,0,0,0,0,No,$2.42,
1335,2025-02-23,raisins,0,0,7,98,No,$0.27,
1336,2025-02-23,regular_milk,0,0,0,0,Yes,$0.83,
1337,2025-02-23,shrimp,0,0,0,0,Yes,$2.28,
1338,2025-02-23,sweet_potatoes,0,0,0,0,Yes,$0.27,
1339,2025-02-23,white_rice,0,0,12,180,No,$0.33,
1340,2025-02-23,yellow_onion,0,0,0,0,Yes,$1.13,
1341,2025-02-23,yogurt,0,0,0,0,Yes,$0.63,
1342,2025-03-02,almond_butter,0,0,0,0,No,$0.77,
1343,2025-03-02,almond_milk,0,0,0,0,Yes,$0.31,
1344,2025-03-02,apples,0,0,0,0,Yes,$0.95,
1345,2025-03-02,avocados,0,0,0,0,Yes,$0.25,
1346,2025-03-02,bananas,0,0,0,0,Yes,$0.16,
1347,2025-03-02,black_beans,0,0,0,0,No,$0.62,
1348,2025-03-02,blueberries,0,0,0,0,Yes,$2.00,
1349,2025-03-02,bread,0,0,0,0,Yes,$0.26,
1350,2025-03-02,broccoli,0,0,0,0,Yes,$0.80,
1351,2025-03-02,broth,0,0,12,4,No,$0.75,
1352,2025-03-02,butternut_squash,0,0,0,0,Yes,$0.60,
1353,2025-03-02,canned_tuna,0,0,0,0,No,$1.79,
1354,2025-03-02,carrots,0,0,0,0,Yes,$0.37,
1355,2025-03-02,cherry_tomatoes,5,1,5,5,Yes,$0.72,
1356,2025-03-02,chicken_breast,9,3,9,9,Yes,$1.50,
1357,2025-03-02,chips,0,0,0,33,No,$0.96,
1358,2025-03-02,chocolate,0,0,0,0,No,$0.86,
1359,2025-03-02,chopped_kale,0,0,0,0,Yes,$0.60,
1360,2025-03-02,corn,0,0,0,0,Yes,$0.64,
1361,2025-03-02,cottage_cheese,0,0,0,0,Yes,$0.57,
1362,2025-03-02,dates,0,0,0,0,No,$0.52,
1363,2025-03-02,deli_turkey,0,0,0,0,Yes,$1.07,
1364,2025-03-02,eggs_large,0,0,0,0,Yes,$0.42,
1365,2025-03-02,feta_cheese,8,1,8,8,Yes,$0.79,
1366,2025-03-02,fresh_celery,0,0,0,0,Yes,$0.40,
1367,2025-03-02,frozen_blackberries,0,0,0,0,No,$1.50,
1368,2025-03-02,frozen_blueberries,0,0,0,0,No,$1.20,
1369,2025-03-02,frozen_breakfast_sandwich,0,0,0,0,No,$1.66,
1370,2025-03-02,frozen_broccoli,0,0,0,10,No,$0.11,
1371,2025-03-02,frozen_cauliflower,0,0,0,1,No,$0.32,
1372,2025-03-02,frozen_cherries,0,0,0,2,No,$1.53,
1373,2025-03-02,frozen_chopped_spinach,0,0,0,0,No,$0.40,
1374,2025-03-02,frozen_cranberries,3,1,0,2,No,$3.03,
1375,2025-03-02,frozen_edamame,0,0,9,52,No,$0.40,
1376,2025-03-02,frozen_green_beans,5,1,0,5,No,$0.28,
1377,2025-03-02,frozen_peaches,0,0,0,0,No,$0.76,
1378,2025-03-02,frozen_peas,0,0,0,1,No,$0.28,
1379,2025-03-02,frozen_pizza,0,0,0,3,No,$0.77,
1380,2025-03-02,frozen_raspberries,0,0,0,0,No,$2.10,
1381,2025-03-02,frozen_strawberries,0,0,0,0,No,$0.68,
1382,2025-03-02,garden_salad,0,0,0,0,Yes,$1.50,
1383,2025-03-02,granola_bar,0,0,0,2,No,$0.32,
1384,2025-03-02,grapes,0,0,0,0,Yes,$1.06,
1385,2025-03-02,great_northern_beans,4,1,6,7,No,$0.22,
1386,2025-03-02,ground_beef,4,1,4,4,Yes,$2.37,
1387,2025-03-02,jasmine_rice,20,1,3,86,No,$0.14,
1388,2025-03-02,mixed_nuts,18,2,10,110,No,$0.29,
1389,2025-03-02,mushrooms,0,0,0,0,Yes,$0.46,
1390,2025-03-02,olive_oil,0,0,0,0,No,$0.48,
1391,2025-03-02,pasta,16,2,2,11,No,$0.50,
1392,2025-03-02,peanut_butter,0,0,12,156,No,$0.30,
1393,2025-03-02,pinto_beans,24,6,12,81,No,$0.62,
1394,2025-03-02,potatoes,0,0,0,0,Yes,$0.22,
1395,2025-03-02,protein_bars,0,0,0,0,No,$2.42,
1396,2025-03-02,raisins,0,0,5,91,No,$0.27,
1397,2025-03-02,regular_milk,0,0,0,0,Yes,$0.83,
1398,2025-03-02,shrimp,0,0,0,0,Yes,$2.28,
1399,2025-03-02,sweet_potatoes,0,0,0,0,Yes,$0.27,
1400,2025-03-02,white_rice,0,0,12,168,No,$0.33,
1401,2025-03-02,yellow_onion,0,0,0,0,Yes,$1.13,
1402,2025-03-02,yogurt,0,0,0,0,Yes,$0.63,
1403,2025-03-09,almond_butter,0,0,0,0,No,$0.77,
1404,2025-03-09,almond_milk,0,0,0,0,Yes,$0.31,
1405,2025-03-09,apples,0,0,0,0,Yes,$0.95,
1406,2025-03-09,avocados,0,0,0,0,Yes,$0.25,
1407,2025-03-09,bananas,0,0,0,0,Yes,$0.16,
1408,2025-03-09,black_beans,0,0,0,0,No,$0.62,
1409,2025-03-09,blueberries,2,1,2,2,Yes,$2.00,
1410,2025-03-09,bread,0,0,0,0,Yes,$0.26,
1411,2025-03-09,broccoli,0,0,0,0,Yes,$0.80,
1412,2025-03-09,broth,8,2,8,0,No,$0.75,
1413,2025-03-09,butternut_squash,0,0,0,0,Yes,$0.60,
1414,2025-03-09,canned_tuna,0,0,0,0,No,$1.79,
1415,2025-03-09,carrots,0,0,0,0,Yes,$0.37,
1416,2025-03-09,cherry_tomatoes,0,0,0,0,Yes,$0.72,
1417,2025-03-09,chicken_breast,6,2,6,6,Yes,$1.50,
1418,2025-03-09,chips,0,0,0,33,No,$0.96,
1419,2025-03-09,chocolate,0,0,0,0,No,$0.86,
1420,2025-03-09,chopped_kale,0,0,0,0,Yes,$0.60,
1421,2025-03-09,corn,0,0,0,0,Yes,$0.64,
1422,2025-03-09,cottage_cheese,0,0,0,0,Yes,$0.57,
1423,2025-03-09,dates,9,1,0,9,No,$0.52,
1424,2025-03-09,deli_turkey,0,0,0,0,Yes,$1.07,
1425,2025-03-09,eggs_large,0,0,0,0,Yes,$0.42,
1426,2025-03-09,feta_cheese,0,0,0,0,Yes,$0.79,
1427,2025-03-09,fresh_celery,0,0,0,0,Yes,$0.40,
1428,2025-03-09,frozen_blackberries,0,0,0,0,No,$1.50,
1429,2025-03-09,frozen_blueberries,0,0,0,0,No,$1.20,
1430,2025-03-09,frozen_breakfast_sandwich,0,0,0,0,No,$1.66,
1431,2025-03-09,frozen_broccoli,0,0,0,10,No,$0.11,
1432,2025-03-09,frozen_cauliflower,0,0,0,1,No,$0.32,
1433,2025-03-09,frozen_cherries,0,0,0,2,No,$1.53,
1434,2025-03-09,frozen_chopped_spinach,0,0,0,0,No,$0.40,
1435,2025-03-09,frozen_cranberries,0,0,1,2,No,$3.03,
1436,2025-03-09,frozen_edamame,0,0,0,43,No,$0.40,
1437,2025-03-09,frozen_green_beans,0,0,0,5,No,$0.28,
1438,2025-03-09,frozen_peaches,0,0,0,0,No,$0.76,
1439,2025-03-09,frozen_peas,0,0,0,1,No,$0.28,
1440,2025-03-09,frozen_pizza,0,0,0,3,No,$0.77,
1441,2025-03-09,frozen_raspberries,0,0,0,0,No,$2.10,
1442,2025-03-09,frozen_strawberries,0,0,0,0,No,$0.68,
1443,2025-03-09,garden_salad,0,0,0,0,Yes,$1.50,
1444,2025-03-09,granola_bar,0,0,0,2,No,$0.32,
1445,2025-03-09,grapes,5,1,5,5,Yes,$1.06,
1446,2025-03-09,great_northern_beans,108,27,10,109,No,$0.22,
1447,2025-03-09,ground_beef,0,0,0,0,Yes,$2.37,
1448,2025-03-09,jasmine_rice,0,0,10,83,No,$0.14,
1449,2025-03-09,mixed_nuts,0,0,10,100,No,$0.29,
1450,2025-03-09,mushrooms,0,0,0,0,Yes,$0.46,
1451,2025-03-09,olive_oil,0,0,0,0,No,$0.48,
1452,2025-03-09,pasta,0,0,0,9,No,$0.50,
1453,2025-03-09,peanut_butter,0,0,12,144,No,$0.30,
1454,2025-03-09,pinto_beans,36,9,11,105,No,$0.62,
1455,2025-03-09,potatoes,0,0,0,0,Yes,$0.22,
1456,2025-03-09,protein_bars,0,0,0,0,No,$2.42,
1457,2025-03-09,raisins,0,0,7,86,No,$0.27,
1458,2025-03-09,regular_milk,0,0,0,0,Yes,$0.83,
1459,2025-03-09,shrimp,0,0,0,0,Yes,$2.28,
1460,2025-03-09,sweet_potatoes,0,0,0,0,Yes,$0.27,
1461,2025-03-09,white_rice,0,0,12,156,No,$0.33,
1462,2025-03-09,yellow_onion,0,0,0,0,Yes,$1.13,
1463,2025-03-09,yogurt,0,0,0,0,Yes,$0.63,
1464,2025-03-16,almond_butter,0,0,0,0,No,$0.77,
1465,2025-03-16,almond_milk,0,0,0,0,Yes,$0.31,
1466,2025-03-16,apples,0,0,0,0,Yes,$0.95,
1467,2025-03-16,avocados,0,0,0,0,Yes,$0.25,
1468,2025-03-16,bananas,0,0,0,0,Yes,$0.16,
1469,2025-03-16,black_beans,0,0,0,0,No,$0.62,
1470,2025-03-16,blueberries,0,0,0,0,Yes,$2.00,
1471,2025-03-16,bread,0,0,0,0,Yes,$0.26,
1472,2025-03-16,broccoli,0,0,0,0,Yes,$0.80,
1473,2025-03-16,broth,8,2,0,0,No,$0.75,
1474,2025-03-16,butternut_squash,0,0,0,0,Yes,$0.60,
1475,2025-03-16,canned_tuna,6,6,0,6,No,$1.79,
1476,2025-03-16,carrots,0,0,0,0,Yes,$0.37,
1477,2025-03-16,cherry_tomatoes,0,0,0,0,Yes,$0.72,
1478,2025-03-16,chicken_breast,0,0,0,0,Yes,$1.50,
1479,2025-03-16,chips,25,5,0,58,No,$0.96,
1480,2025-03-16,chocolate,0,0,0,0,No,$0.86,
1481,2025-03-16,chopped_kale,0,0,0,0,Yes,$0.60,
1482,2025-03-16,corn,0,0,0,0,Yes,$0.64,
1483,2025-03-16,cottage_cheese,0,0,0,0,Yes,$0.57,
1484,2025-03-16,dates,27,3,0,36,No,$0.52,
1485,2025-03-16,deli_turkey,0,0,0,0,Yes,$1.07,
1486,2025-03-16,eggs_large,0,0,0,0,Yes,$0.42,
1487,2025-03-16,feta_cheese,0,0,0,0,Yes,$0.79,
1488,2025-03-16,fresh_celery,0,0,0,0,Yes,$0.40,
1489,2025-03-16,frozen_blackberries,0,0,0,0,No,$1.50,
1490,2025-03-16,frozen_blueberries,0,0,0,0,No,$1.20,
1491,2025-03-16,frozen_breakfast_sandwich,0,0,0,0,No,$1.66,
1492,2025-03-16,frozen_broccoli,0,0,1,10,No,$0.11,
1493,2025-03-16,frozen_cauliflower,0,0,0,1,No,$0.32,
1494,2025-03-16,frozen_cherries,0,0,0,2,No,$1.53,
1495,2025-03-16,frozen_chopped_spinach,0,0,0,0,No,$0.40,
1496,2025-03-16,frozen_cranberries,0,0,1,1,No,$3.03,
1497,2025-03-16,frozen_edamame,0,0,10,43,No,$0.40,
1498,2025-03-16,frozen_green_beans,0,0,0,5,No,$0.28,
1499,2025-03-16,frozen_peaches,0,0,0,0,No,$0.76,
1500,2025-03-16,frozen_peas,0,0,1,1,No,$0.28,
1501,2025-03-16,frozen_pizza,0,0,1,3,No,$0.77,
1502,2025-03-16,frozen_raspberries,0,0,0,0,No,$2.10,
1503,2025-03-16,frozen_strawberries,0,0,0,0,No,$0.68,
1504,2025-03-16,garden_salad,0,0,0,0,Yes,$1.50,
1505,2025-03-16,granola_bar,0,0,0,2,No,$0.32,
1506,2025-03-16,grapes,0,0,0,0,Yes,$1.06,
1507,2025-03-16,great_northern_beans,0,0,8,99,No,$0.22,
1508,2025-03-16,ground_beef,0,0,0,0,Yes,$2.37,
1509,2025-03-16,jasmine_rice,40,2,12,113,No,$0.14,
1510,2025-03-16,mixed_nuts,0,0,7,90,No,$0.29,
1511,2025-03-16,mushrooms,0,0,0,0,Yes,$0.46,
1512,2025-03-16,olive_oil,0,0,0,0,No,$0.48,
1513,2025-03-16,pasta,8,1,3,17,No,$0.50,
1514,2025-03-16,peanut_butter,0,0,12,132,No,$0.30,
1515,2025-03-16,pinto_beans,20,5,10,114,No,$0.62,
1516,2025-03-16,potatoes,0,0,0,0,Yes,$0.22,
1517,2025-03-16,protein_bars,0,0,0,0,No,$2.42,
1518,2025-03-16,raisins,0,0,8,79,No,$0.27,
1519,2025-03-16,regular_milk,0,0,0,0,Yes,$0.83,
1520,2025-03-16,shrimp,0,0,0,0,Yes,$2.28,
1521,2025-03-16,sweet_potatoes,0,0,0,0,Yes,$0.27,
1522,2025-03-16,white_rice,0,0,12,144,No,$0.33,
1523,2025-03-16,yellow_onion,0,0,0,0,Yes,$1.13,
1524,2025-03-16,yogurt,0,0,0,0,Yes,$0.63,
1525,2025-03-23,almond_butter,0,0,0,0,No,$0.77,
1526,2025-03-23,almond_milk,0,0,0,0,Yes,$0.31,
1527,2025-03-23,apples,0,0,0,0,Yes,$0.95,
1528,2025-03-23,avocados,0,0,0,0,Yes,$0.25,
1529,2025-03-23,bananas,0,0,0,0,Yes,$0.16,
1530,2025-03-23,black_beans,0,0,0,0,No,$0.62,
1531,2025-03-23,blueberries,0,0,0,0,Yes,$2.00,
1532,2025-03-23,bread,0,0,0,0,Yes,$0.26,
1533,2025-03-23,broccoli,0,0,0,0,Yes,$0.80,
1534,2025-03-23,broth,0,0,0,0,No,$0.75,
1535,2025-03-23,butternut_squash,0,0,0,0,Yes,$0.60,
1536,2025-03-23,canned_tuna,1,1,0,7,No,$1.79,
1537,2025-03-23,carrots,0,0,0,0,Yes,$0.37,
1538,2025-03-23,cherry_tomatoes,0,0,0,0,Yes,$0.72,
1539,2025-03-23,chicken_breast,0,0,0,0,Yes,$1.50,
1540,2025-03-23,chips,0,0,5,58,No,$0.96,
1541,2025-03-23,chocolate,0,0,0,0,No,$0.86,
1542,2025-03-23,chopped_kale,0,0,0,0,Yes,$0.60,
1543,2025-03-23,corn,0,0,0,0,Yes,$0.64,
1544,2025-03-23,cottage_cheese,0,0,0,0,Yes,$0.57,
1545,2025-03-23,dates,0,0,0,36,No,$0.52,
1546,2025-03-23,deli_turkey,0,0,0,0,Yes,$1.07,
1547,2025-03-23,eggs_large,0,0,0,0,Yes,$0.42,
1548,2025-03-23,feta_cheese,0,0,0,0,Yes,$0.79,
1549,2025-03-23,fresh_celery,0,0,0,0,Yes,$0.40,
1550,2025-03-23,frozen_blackberries,0,0,0,0,No,$1.50,
1551,2025-03-23,frozen_blueberries,0,0,0,0,No,$1.20,
1552,2025-03-23,frozen_breakfast_sandwich,32,4,0,32,No,$1.66,
1553,2025-03-23,frozen_broccoli,0,0,0,9,No,$0.11,
1554,2025-03-23,frozen_cauliflower,0,0,0,1,No,$0.32,
1555,2025-03-23,frozen_cherries,0,0,0,2,No,$1.53,
1556,2025-03-23,frozen_chopped_spinach,0,0,0,0,No,$0.40,
1557,2025-03-23,frozen_cranberries,0,0,0,0,No,$3.03,
1558,2025-03-23,frozen_edamame,65,13,10,98,No,$0.40,
1559,2025-03-23,frozen_green_beans,0,0,5,5,No,$0.28,
1560,2025-03-23,frozen_peaches,0,0,0,0,No,$0.76,
1561,2025-03-23,frozen_peas,0,0,0,0,No,$0.28,
1562,2025-03-23,frozen_pizza,0,0,2,2,No,$0.77,
1563,2025-03-23,frozen_raspberries,0,0,0,0,No,$2.10,
1564,2025-03-23,frozen_strawberries,0,0,0,0,No,$0.68,
1565,2025-03-23,garden_salad,0,0,0,0,Yes,$1.50,
1566,2025-03-23,granola_bar,0,0,0,2,No,$0.32,
1567,2025-03-23,grapes,0,0,0,0,Yes,$1.06,
1568,2025-03-23,great_northern_beans,0,0,0,91,No,$0.22,
1569,2025-03-23,ground_beef,0,0,0,0,Yes,$2.37,
1570,2025-03-23,jasmine_rice,0,0,8,101,No,$0.14,
1571,2025-03-23,mixed_nuts,0,0,4,83,No,$0.29,
1572,2025-03-23,mushrooms,0,0,0,0,Yes,$0.46,
1573,2025-03-23,olive_oil,0,0,0,0,No,$0.48,
1574,2025-03-23,pasta,0,0,12,14,No,$0.50,
1575,2025-03-23,peanut_butter,0,0,12,120,No,$0.30,
1576,2025-03-23,pinto_beans,0,0,12,104,No,$0.62,
1577,2025-03-23,potatoes,0,0,0,0,Yes,$0.22,
1578,2025-03-23,protein_bars,0,0,0,0,No,$2.42,
1579,2025-03-23,raisins,14,2,9,85,No,$0.27,
1580,2025-03-23,regular_milk,0,0,0,0,Yes,$0.83,
1581,2025-03-23,shrimp,0,0,0,0,Yes,$2.28,
1582,2025-03-23,sweet_potatoes,0,0,0,0,Yes,$0.27,
1583,2025-03-23,white_rice,0,0,12,132,No,$0.33,
1584,2025-03-23,yellow_onion,0,0,0,0,Yes,$1.13,
1585,2025-03-23,yogurt,0,0,0,0,Yes,$0.63,
1586,2025-03-30,almond_butter,0,0,0,0,No,$0.77,
1587,2025-03-30,almond_milk,0,0,0,0,Yes,$0.31,
1588,2025-03-30,apples,0,0,0,0,Yes,$0.95,
1589,2025-03-30,avocados,0,0,0,0,Yes,$0.25,
1590,2025-03-30,bananas,0,0,0,0,Yes,$0.16,
1591,2025-03-30,black_beans,0,0,0,0,No,$0.62,
1592,2025-03-30,blueberries,0,0,0,0,Yes,$2.00,
1593,2025-03-30,bread,0,0,0,0,Yes,$0.26,
1594,2025-03-30,broccoli,0,0,0,0,Yes,$0.80,
1595,2025-03-30,broth,0,0,0,0,No,$0.75,
1596,2025-03-30,butternut_squash,0,0,0,0,Yes,$0.60,
1597,2025-03-30,canned_tuna,0,0,7,7,No,$1.79,
1598,2025-03-30,carrots,0,0,0,0,Yes,$0.37,
1599,2025-03-30,cherry_tomatoes,0,0,0,0,Yes,$0.72,
1600,2025-03-30,chicken_breast,0,0,0,0,Yes,$1.50,
1601,2025-03-30,chips,0,0,0,53,No,$0.96,
1602,2025-03-30,chocolate,0,0,0,0,No,$0.86,
1603,2025-03-30,chopped_kale,0,0,0,0,Yes,$0.60,
1604,2025-03-30,corn,0,0,0,0,Yes,$0.64,
1605,2025-03-30,cottage_cheese,0,0,0,0,Yes,$0.57,
1606,2025-03-30,dates,0,0,1,36,No,$0.52,
1607,2025-03-30,deli_turkey,0,0,0,0,Yes,$1.07,
1608,2025-03-30,eggs_large,0,0,0,0,Yes,$0.42,
1609,2025-03-30,feta_cheese,0,0,0,0,Yes,$0.79,
1610,2025-03-30,fresh_celery,0,0,0,0,Yes,$0.40,
1611,2025-03-30,frozen_blackberries,0,0,0,0,No,$1.50,
1612,2025-03-30,frozen_blueberries,0,0,0,0,No,$1.20,
1613,2025-03-30,frozen_breakfast_sandwich,0,0,4,32,No,$1.66,
1614,2025-03-30,frozen_broccoli,0,0,0,9,No,$0.11,
1615,2025-03-30,frozen_cauliflower,0,0,0,1,No,$0.32,
1616,2025-03-30,frozen_cherries,0,0,0,2,No,$1.53,
1617,2025-03-30,frozen_chopped_spinach,0,0,0,0,No,$0.40,
1618,2025-03-30,frozen_cranberries,0,0,0,0,No,$3.03,
1619,2025-03-30,frozen_edamame,0,0,10,88,No,$0.40,
1620,2025-03-30,frozen_green_beans,0,0,0,0,No,$0.28,
1621,2025-03-30,frozen_peaches,0,0,0,0,No,$0.76,
1622,2025-03-30,frozen_peas,0,0,0,0,No,$0.28,
1623,2025-03-30,frozen_pizza,0,0,0,0,No,$0.77,
1624,2025-03-30,frozen_raspberries,0,0,0,0,No,$2.10,
1625,2025-03-30,frozen_strawberries,0,0,0,0,No,$0.68,
1626,2025-03-30,garden_salad,0,0,0,0,Yes,$1.50,
1627,2025-03-30,granola_bar,0,0,0,2,No,$0.32,
1628,2025-03-30,grapes,0,0,0,0,Yes,$1.06,
1629,2025-03-30,great_northern_beans,0,0,12,91,No,$0.22,
1630,2025-03-30,ground_beef,0,0,0,0,Yes,$2.37,
1631,2025-03-30,jasmine_rice,0,0,8,93,No,$0.14,
1632,2025-03-30,mixed_nuts,0,0,0,79,No,$0.29,
1633,2025-03-30,mushrooms,0,0,0,0,Yes,$0.46,
1634,2025-03-30,olive_oil,0,0,0,0,No,$0.48,
1635,2025-03-30,pasta,0,0,0,2,No,$0.50,
1636,2025-03-30,peanut_butter,0,0,12,108,No,$0.30,
1637,2025-03-30,pinto_beans,0,0,10,92,No,$0.62,
1638,2025-03-30,potatoes,0,0,0,0,Yes,$0.22,
1639,2025-03-30,protein_bars,0,0,0,0,No,$2.42,
1640,2025-03-30,raisins,0,0,7,76,No,$0.27,
1641,2025-03-30,regular_milk,0,0,0,0,Yes,$0.83,
1642,2025-03-30,shrimp,0,0,0,0,Yes,$2.28,
1643,2025-03-30,sweet_potatoes,0,0,0,0,Yes,$0.27,
1644,2025-03-30,white_rice,0,0,12,120,No,$0.33,
1645,2025-03-30,yellow_onion,0,0,0,0,Yes,$1.13,
1646,2025-03-30,yogurt,0,0,0,0,Yes,$0.63,
1647,2025-04-06,almond_butter,0,0,0,0,No,$0.77,
1648,2025-04-06,almond_milk,0,0,0,0,Yes,$0.31,
1649,2025-04-06,apples,0,0,0,0,Yes,$0.95,
1650,2025-04-06,avocados,0,0,0,0,Yes,$0.25,
1651,2025-04-06,bananas,0,0,0,0,Yes,$0.16,
1652,2025-04-06,black_beans,0,0,0,0,No,$0.62,
1653,2025-04-06,blueberries,0,0,0,0,Yes,$2.00,
1654,2025-04-06,bread,0,0,0,0,Yes,$0.26,
1655,2025-04-06,broccoli,0,0,0,0,Yes,$0.80,
1656,2025-04-06,broth,0,0,0,0,No,$0.75,
1657,2025-04-06,butternut_squash,0,0,0,0,Yes,$0.60,
1658,2025-04-06,canned_tuna,0,0,0,0,No,$1.79,
1659,2025-04-06,carrots,0,0,0,0,Yes,$0.37,
1660,2025-04-06,cherry_tomatoes,0,0,0,0,Yes,$0.72,
1661,2025-04-06,chicken_breast,0,0,0,0,Yes,$1.50,
1662,2025-04-06,chips,0,0,0,53,No,$0.96,
1663,2025-04-06,chocolate,0,0,0,0,No,$0.86,
1664,2025-04-06,chopped_kale,0,0,0,0,Yes,$0.60,
1665,2025-04-06,corn,0,0,0,0,Yes,$0.64,
1666,2025-04-06,cottage_cheese,0,0,0,0,Yes,$0.57,
1667,2025-04-06,dates,0,0,1,35,No,$0.52,
1668,2025-04-06,deli_turkey,0,0,0,0,Yes,$1.07,
1669,2025-04-06,eggs_large,0,0,0,0,Yes,$0.42,
1670,2025-04-06,feta_cheese,0,0,0,0,Yes,$0.79,
1671,2025-04-06,fresh_celery,0,0,0,0,Yes,$0.40,
1672,2025-04-06,frozen_blackberries,0,0,0,0,No,$1.50,
1673,2025-04-06,frozen_blueberries,0,0,0,0,No,$1.20,
1674,2025-04-06,frozen_breakfast_sandwich,0,0,0,28,No,$1.66,
1675,2025-04-06,frozen_broccoli,0,0,0,9,No,$0.11,
1676,2025-04-06,frozen_cauliflower,0,0,0,1,No,$0.32,
1677,2025-04-06,frozen_cherries,0,0,0,2,No,$1.53,
1678,2025-04-06,frozen_chopped_spinach,0,0,0,0,No,$0.40,
1679,2025-04-06,frozen_cranberries,0,0,0,0,No,$3.03,
1680,2025-04-06,frozen_edamame,0,0,10,78,No,$0.40,
1681,2025-04-06,frozen_green_beans,0,0,0,0,No,$0.28,
1682,2025-04-06,frozen_peaches,0,0,0,0,No,$0.76,
1683,2025-04-06,frozen_peas,0,0,0,0,No,$0.28,
1684,2025-04-06,frozen_pizza,0,0,0,0,No,$0.77,
1685,2025-04-06,frozen_raspberries,0,0,0,0,No,$2.10,
1686,2025-04-06,frozen_strawberries,0,0,0,0,No,$0.68,
1687,2025-04-06,garden_salad,0,0,0,0,Yes,$1.50,
1688,2025-04-06,granola_bar,0,0,0,2,No,$0.32,
1689,2025-04-06,grapes,0,0,0,0,Yes,$1.06,
1690,2025-04-06,great_northern_beans,0,0,12,79,No,$0.22,
1691,2025-04-06,ground_beef,0,0,0,0,Yes,$2.37,
1692,2025-04-06,jasmine_rice,0,0,12,85,No,$0.14,
1693,2025-04-06,mixed_nuts,0,0,7,79,No,$0.29,
1694,2025-04-06,mushrooms,0,0,0,0,Yes,$0.46,
1695,2025-04-06,olive_oil,0,0,0,0,No,$0.48,
1696,2025-04-06,pasta,0,0,2,2,No,$0.50,
1697,2025-04-06,peanut_butter,0,0,12,96,No,$0.30,
1698,2025-04-06,pinto_beans,0,0,9,82,No,$0.62,
1699,2025-04-06,potatoes,0,0,0,0,Yes,$0.22,
1700,2025-04-06,protein_bars,0,0,0,0,No,$2.42,
1701,2025-04-06,raisins,0,0,7,69,No,$0.27,
1702,2025-04-06,regular_milk,0,0,0,0,Yes,$0.83,
1703,2025-04-06,shrimp,0,0,0,0,Yes,$2.28,
1704,2025-04-06,sweet_potatoes,0,0,0,0,Yes,$0.27,
1705,2025-04-06,white_rice,0,0,12,108,No,$0.33,
1706,2025-04-06,yellow_onion,0,0,0,0,Yes,$1.13,
1707,2025-04-06,yogurt,0,0,0,0,Yes,$0.63,
1708,2025-04-13,almond_butter,0,0,0,0,No,$0.77,
1709,2025-04-13,almond_milk,0,0,0,0,Yes,$0.31,
1710,2025-04-13,apples,0,0,0,0,Yes,$0.95,
1711,2025-04-13,avocados,0,0,0,0,Yes,$0.25,
1712,2025-04-13,bananas,0,0,0,0,Yes,$0.16,
1713,2025-04-13,black_beans,0,0,0,0,No,$0.62,
1714,2025-04-13,blueberries,0,0,0,0,Yes,$2.00,
1715,2025-04-13,bread,0,0,0,0,Yes,$0.26,
1716,2025-04-13,broccoli,0,0,0,0,Yes,$0.80,
1717,2025-04-13,broth,0,0,0,0,No,$0.75,
1718,2025-04-13,butternut_squash,0,0,0,0,Yes,$0.60,
1719,2025-04-13,canned_tuna,0,0,0,0,No,$1.79,
1720,2025-04-13,carrots,0,0,0,0,Yes,$0.37,
1721,2025-04-13,cherry_tomatoes,0,0,0,0,Yes,$0.72,
1722,2025-04-13,chicken_breast,0,0,0,0,Yes,$1.50,
1723,2025-04-13,chips,0,0,0,53,No,$0.96,
1724,2025-04-13,chocolate,0,0,0,0,No,$0.86,
1725,2025-04-13,chopped_kale,0,0,0,0,Yes,$0.60,
1726,2025-04-13,corn,0,0,0,0,Yes,$0.64,
1727,2025-04-13,cottage_cheese,0,0,0,0,Yes,$0.57,
1728,2025-04-13,dates,0,0,2,34,No,$0.52,
1729,2025-04-13,deli_turkey,0,0,0,0,Yes,$1.07,
1730,2025-04-13,eggs_large,0,0,0,0,Yes,$0.42,
1731,2025-04-13,feta_cheese,0,0,0,0,Yes,$0.79,
1732,2025-04-13,fresh_celery,0,0,0,0,Yes,$0.40,
1733,2025-04-13,frozen_blackberries,0,0,0,0,No,$1.50,
1734,2025-04-13,frozen_blueberries,0,0,0,0,No,$1.20,
1735,2025-04-13,frozen_breakfast_sandwich,0,0,6,28,No,$1.66,
1736,2025-04-13,frozen_broccoli,0,0,4,9,No,$0.11,
1737,2025-04-13,frozen_cauliflower,0,0,0,1,No,$0.32,
1738,2025-04-13,frozen_cherries,0,0,0,2,No,$1.53,
1739,2025-04-13,frozen_chopped_spinach,0,0,0,0,No,$0.40,
1740,2025-04-13,frozen_cranberries,0,0,0,0,No,$3.03,
1741,2025-04-13,frozen_edamame,0,0,10,68,No,$0.40,
1742,2025-04-13,frozen_green_beans,0,0,0,0,No,$0.28,
1743,2025-04-13,frozen_peaches,0,0,0,0,No,$0.76,
1744,2025-04-13,frozen_peas,0,0,0,0,No,$0.28,
1745,2025-04-13,frozen_pizza,0,0,0,0,No,$0.77,
1746,2025-04-13,frozen_raspberries,0,0,0,0,No,$2.10,
1747,2025-04-13,frozen_strawberries,0,0,0,0,No,$0.68,
1748,2025-04-13,garden_salad,0,0,0,0,Yes,$1.50,
1749,2025-04-13,granola_bar,0,0,0,2,No,$0.32,
1750,2025-04-13,grapes,0,0,0,0,Yes,$1.06,
1751,2025-04-13,great_northern_beans,0,0,6,67,No,$0.22,
1752,2025-04-13,ground_beef,0,0,0,0,Yes,$2.37,
1753,2025-04-13,jasmine_rice,0,0,8,73,No,$0.14,
1754,2025-04-13,mixed_nuts,0,0,7,72,No,$0.29,
1755,2025-04-13,mushrooms,0,0,0,0,Yes,$0.46,
1756,2025-04-13,olive_oil,0,0,0,0,No,$0.48,
1757,2025-04-13,pasta,0,0,0,0,No,$0.50,
1758,2025-04-13,peanut_butter,0,0,12,84,No,$0.30,
1759,2025-04-13,pinto_beans,0,0,10,73,No,$0.62,
1760,2025-04-13,potatoes,0,0,0,0,Yes,$0.22,
1761,2025-04-13,protein_bars,0,0,0,0,No,$2.42,
1762,2025-04-13,raisins,0,0,7,62,No,$0.27,
1763,2025-04-13,regular_milk,0,0,0,0,Yes,$0.83,
1764,2025-04-13,shrimp,0,0,0,0,Yes,$2.28,
1765,2025-04-13,sweet_potatoes,0,0,0,0,Yes,$0.27,
1766,2025-04-13,white_rice,0,0,12,96,No,$0.33,
1767,2025-04-13,yellow_onion,0,0,0,0,Yes,$1.13,
1768,2025-04-13,yogurt,0,0,0,0,Yes,$0.63,
1769,2025-04-20,almond_butter,0,0,0,0,No,$0.77,
1770,2025-04-20,almond_milk,0,0,0,0,Yes,$0.31,
1771,2025-04-20,apples,0,0,0,0,Yes,$0.95,
1772,2025-04-20,avocados,0,0,0,0,Yes,$0.25,
1773,2025-04-20,bananas,0,0,0,0,Yes,$0.16,
1774,2025-04-20,black_beans,0,0,0,0,No,$0.62,
1775,2025-04-20,blueberries,0,0,0,0,Yes,$2.00,
1776,2025-04-20,bread,0,0,0,0,Yes,$0.26,
1777,2025-04-20,broccoli,0,0,0,0,Yes,$0.80,
1778,2025-04-20,broth,0,0,0,0,No,$0.75,
1779,2025-04-20,butternut_squash,0,0,0,0,Yes,$0.60,
1780,2025-04-20,canned_tuna,0,0,0,0,No,$1.79,
1781,2025-04-20,carrots,0,0,0,0,Yes,$0.37,
1782,2025-04-20,cherry_tomatoes,0,0,0,0,Yes,$0.72,
1783,2025-04-20,chicken_breast,0,0,0,0,Yes,$1.50,
1784,2025-04-20,chips,0,0,0,53,No,$0.96,
1785,2025-04-20,chocolate,0,0,0,0,No,$0.86,
1786,2025-04-20,chopped_kale,0,0,0,0,Yes,$0.60,
1787,2025-04-20,corn,0,0,0,0,Yes,$0.64,
1788,2025-04-20,cottage_cheese,0,0,0,0,Yes,$0.57,
1789,2025-04-20,dates,0,0,0,32,No,$0.52,
1790,2025-04-20,deli_turkey,0,0,0,0,Yes,$1.07,
1791,2025-04-20,eggs_large,0,0,0,0,Yes,$0.42,
1792,2025-04-20,feta_cheese,0,0,0,0,Yes,$0.79,
1793,2025-04-20,fresh_celery,0,0,0,0,Yes,$0.40,
1794,2025-04-20,frozen_blackberries,0,0,0,0,No,$1.50,
1795,2025-04-20,frozen_blueberries,0,0,0,0,No,$1.20,
1796,2025-04-20,frozen_breakfast_sandwich,0,0,0,22,No,$1.66,
1797,2025-04-20,frozen_broccoli,0,0,1,5,No,$0.11,
1798,2025-04-20,frozen_cauliflower,0,0,0,1,No,$0.32,
1799,2025-04-20,frozen_cherries,0,0,0,2,No,$1.53,
1800,2025-04-20,frozen_chopped_spinach,0,0,0,0,No,$0.40,
1801,2025-04-20,frozen_cranberries,0,0,0,0,No,$3.03,
1802,2025-04-20,frozen_edamame,0,0,9,58,No,$0.40,
1803,2025-04-20,frozen_green_beans,0,0,0,0,No,$0.28,
1804,2025-04-20,frozen_peaches,0,0,0,0,No,$0.76,
1805,2025-04-20,frozen_peas,0,0,0,0,No,$0.28,
1806,2025-04-20,frozen_pizza,0,0,0,0,No,$0.77,
1807,2025-04-20,frozen_raspberries,0,0,0,0,No,$2.10,
1808,2025-04-20,frozen_strawberries,0,0,0,0,No,$0.68,
1809,2025-04-20,garden_salad,0,0,0,0,Yes,$1.50,
1810,2025-04-20,granola_bar,0,0,0,2,No,$0.32,
1811,2025-04-20,grapes,0,0,0,0,Yes,$1.06,
1812,2025-04-20,great_northern_beans,0,0,9,61,No,$0.22,
1813,2025-04-20,ground_beef,0,0,0,0,Yes,$2.37,
1814,2025-04-20,jasmine_rice,0,0,12,65,No,$0.14,
1815,2025-04-20,mixed_nuts,0,0,7,65,No,$0.29,
1816,2025-04-20,mushrooms,0,0,0,0,Yes,$0.46,
1817,2025-04-20,olive_oil,0,0,0,0,No,$0.48,
1818,2025-04-20,pasta,0,0,0,0,No,$0.50,
1819,2025-04-20,peanut_butter,0,0,12,72,No,$0.30,
1820,2025-04-20,pinto_beans,0,0,11,63,No,$0.62,
1821,2025-04-20,potatoes,0,0,0,0,Yes,$0.22,
1822,2025-04-20,protein_bars,0,0,0,0,No,$2.42,
1823,2025-04-20,raisins,0,0,7,55,No,$0.27,
1824,2025-04-20,regular_milk,0,0,0,0,Yes,$0.83,
1825,2025-04-20,shrimp,0,0,0,0,Yes,$2.28,
1826,2025-04-20,sweet_potatoes,0,0,0,0,Yes,$0.27,
1827,2025-04-20,white_rice,0,0,12,84,No,$0.33,
1828,2025-04-20,yellow_onion,0,0,0,0,Yes,$1.13,
1829,2025-04-20,yogurt,0,0,0,0,Yes,$0.63,
1830,2025-04-27,almond_butter,0,0,0,0,No,$0.77,
1831,2025-04-27,almond_milk,0,0,0,0,Yes,$0.31,
1832,2025-04-27,apples,0,0,0,0,Yes,$0.95,
1833,2025-04-27,avocados,0,0,0,0,Yes,$0.25,
1834,2025-04-27,bananas,0,0,0,0,Yes,$0.16,
1835,2025-04-27,black_beans,0,0,0,0,No,$0.62,
1836,2025-04-27,blueberries,0,0,0,0,Yes,$2.00,
1837,2025-04-27,bread,0,0,0,0,Yes,$0.26,
1838,2025-04-27,broccoli,0,0,0,0,Yes,$0.80,
1839,2025-04-27,broth,0,0,0,0,No,$0.75,
1840,2025-04-27,butternut_squash,0,0,0,0,Yes,$0.60,
1841,2025-04-27,canned_tuna,0,0,0,0,No,$1.79,
1842,2025-04-27,carrots,0,0,0,0,Yes,$0.37,
1843,2025-04-27,cherry_tomatoes,0,0,0,0,Yes,$0.72,
1844,2025-04-27,chicken_breast,0,0,0,0,Yes,$1.50,
1845,2025-04-27,chips,0,0,0,53,No,$0.96,
1846,2025-04-27,chocolate,0,0,0,0,No,$0.86,
1847,2025-04-27,chopped_kale,0,0,0,0,Yes,$0.60,
1848,2025-04-27,corn,0,0,0,0,Yes,$0.64,
1849,2025-04-27,cottage_cheese,0,0,0,0,Yes,$0.57,
1850,2025-04-27,dates,0,0,0,32,No,$0.52,
1851,2025-04-27,deli_turkey,0,0,0,0,Yes,$1.07,
1852,2025-04-27,eggs_large,0,0,0,0,Yes,$0.42,
1853,2025-04-27,feta_cheese,0,0,0,0,Yes,$0.79,
1854,2025-04-27,fresh_celery,0,0,0,0,Yes,$0.40,
1855,2025-04-27,frozen_blackberries,0,0,0,0,No,$1.50,
1856,2025-04-27,frozen_blueberries,0,0,0,0,No,$1.20,
1857,2025-04-27,frozen_breakfast_sandwich,0,0,1,22,No,$1.66,
1858,2025-04-27,frozen_broccoli,0,0,0,4,No,$0.11,
1859,2025-04-27,frozen_cauliflower,0,0,0,1,No,$0.32,
1860,2025-04-27,frozen_cherries,0,0,0,2,No,$1.53,
1861,2025-04-27,frozen_chopped_spinach,0,0,0,0,No,$0.40,
1862,2025-04-27,frozen_cranberries,0,0,0,0,No,$3.03,
1863,2025-04-27,frozen_edamame,0,0,9,49,No,$0.40,
1864,2025-04-27,frozen_green_beans,0,0,0,0,No,$0.28,
1865,2025-04-27,frozen_peaches,0,0,0,0,No,$0.76,
1866,2025-04-27,frozen_peas,0,0,0,0,No,$0.28,
1867,2025-04-27,frozen_pizza,0,0,0,0,No,$0.77,
1868,2025-04-27,frozen_raspberries,0,0,0,0,No,$2.10,
1869,2025-04-27,frozen_strawberries,0,0,0,0,No,$0.68,
1870,2025-04-27,garden_salad,0,0,0,0,Yes,$1.50,
1871,2025-04-27,granola_bar,0,0,0,2,No,$0.32,
1872,2025-04-27,grapes,0,0,0,0,Yes,$1.06,
1873,2025-04-27,great_northern_beans,0,0,9,52,No,$0.22,
1874,2025-04-27,ground_beef,0,0,0,0,Yes,$2.37,
1875,2025-04-27,jasmine_rice,0,0,11,53,No,$0.14,
1876,2025-04-27,mixed_nuts,0,0,8,58,No,$0.29,
1877,2025-04-27,mushrooms,0,0,0,0,Yes,$0.46,
1878,2025-04-27,olive_oil,0,0,0,0,No,$0.48,
1879,2025-04-27,pasta,0,0,0,0,No,$0.50,
1880,2025-04-27,peanut_butter,0,0,12,60,No,$0.30,
1881,2025-04-27,pinto_beans,0,0,11,52,No,$0.62,
1882,2025-04-27,potatoes,0,0,0,0,Yes,$0.22,
1883,2025-04-27,protein_bars,0,0,0,0,No,$2.42,
1884,2025-04-27,raisins,0,0,6,48,No,$0.27,
1885,2025-04-27,regular_milk,0,0,0,0,Yes,$0.83,
1886,2025-04-27,shrimp,0,0,0,0,Yes,$2.28,
1887,2025-04-27,sweet_potatoes,0,0,0,0,Yes,$0.27,
1888,2025-04-27,white_rice,0,0,12,72,No,$0.33,
1889,2025-04-27,yellow_onion,0,0,0,0,Yes,$1.13,
1890,2025-04-27,yogurt,0,0,0,0,Yes,$0.63,
1891,2025-05-04,almond_butter,0,0,0,0,No,$0.77,
1892,2025-05-04,almond_milk,0,0,0,0,Yes,$0.31,
1893,2025-05-04,apples,0,0,0,0,Yes,$0.95,
1894,2025-05-04,avocados,0,0,0,0,Yes,$0.25,
1895,2025-05-04,bananas,0,0,0,0,Yes,$0.16,
1896,2025-05-04,black_beans,0,0,0,0,No,$0.62,
1897,2025-05-04,blueberries,0,0,0,0,Yes,$2.00,
1898,2025-05-04,bread,0,0,0,0,Yes,$0.26,
1899,2025-05-04,broccoli,0,0,0,0,Yes,$0.80,
1900,2025-05-04,broth,0,0,0,0,No,$0.75,
1901,2025-05-04,butternut_squash,0,0,0,0,Yes,$0.60,
1902,2025-05-04,canned_tuna,0,0,0,0,No,$1.79,
1903,2025-05-04,carrots,0,0,0,0,Yes,$0.37,
1904,2025-05-04,cherry_tomatoes,0,0,0,0,Yes,$0.72,
1905,2025-05-04,chicken_breast,0,0,0,0,Yes,$1.50,
1906,2025-05-04,chips,0,0,3,53,No,$0.96,
1907,2025-05-04,chocolate,0,0,0,0,No,$0.86,
1908,2025-05-04,chopped_kale,0,0,0,0,Yes,$0.60,
1909,2025-05-04,corn,0,0,0,0,Yes,$0.64,
1910,2025-05-04,cottage_cheese,0,0,0,0,Yes,$0.57,
1911,2025-05-04,dates,0,0,2,32,No,$0.52,
1912,2025-05-04,deli_turkey,0,0,0,0,Yes,$1.07,
1913,2025-05-04,eggs_large,0,0,0,0,Yes,$0.42,
1914,2025-05-04,feta_cheese,0,0,0,0,Yes,$0.79,
1915,2025-05-04,fresh_celery,0,0,0,0,Yes,$0.40,
1916,2025-05-04,frozen_blackberries,0,0,0,0,No,$1.50,
1917,2025-05-04,frozen_blueberries,0,0,0,0,No,$1.20,
1918,2025-05-04,frozen_breakfast_sandwich,0,0,0,21,No,$1.66,
1919,2025-05-04,frozen_broccoli,0,0,0,4,No,$0.11,
1920,2025-05-04,frozen_cauliflower,0,0,0,1,No,$0.32,
1921,2025-05-04,frozen_cherries,0,0,0,2,No,$1.53,
1922,2025-05-04,frozen_chopped_spinach,0,0,0,0,No,$0.40,
1923,2025-05-04,frozen_cranberries,0,0,0,0,No,$3.03,
1924,2025-05-04,frozen_edamame,0,0,11,40,No,$0.40,
1925,2025-05-04,frozen_green_beans,0,0,0,0,No,$0.28,
1926,2025-05-04,frozen_peaches,0,0,0,0,No,$0.76,
1927,2025-05-04,frozen_peas,0,0,0,0,No,$0.28,
1928,2025-05-04,frozen_pizza,0,0,0,0,No,$0.77,
1929,2025-05-04,frozen_raspberries,0,0,0,0,No,$2.10,
1930,2025-05-04,frozen_strawberries,0,0,0,0,No,$0.68,
1931,2025-05-04,garden_salad,0,0,0,0,Yes,$1.50,
1932,2025-05-04,granola_bar,0,0,0,2,No,$0.32,
1933,2025-05-04,grapes,0,0,0,0,Yes,$1.06,
1934,2025-05-04,great_northern_beans,0,0,3,43,No,$0.22,
1935,2025-05-04,ground_beef,0,0,0,0,Yes,$2.37,
1936,2025-05-04,jasmine_rice,0,0,12,42,No,$0.14,
1937,2025-05-04,mixed_nuts,0,0,7,50,No,$0.29,
1938,2025-05-04,mushrooms,0,0,0,0,Yes,$0.46,
1939,2025-05-04,olive_oil,0,0,0,0,No,$0.48,
1940,2025-05-04,pasta,0,0,0,0,No,$0.50,
1941,2025-05-04,peanut_butter,0,0,12,48,No,$0.30,
1942,2025-05-04,pinto_beans,0,0,12,41,No,$0.62,
1943,2025-05-04,potatoes,0,0,0,0,Yes,$0.22,
1944,2025-05-04,protein_bars,0,0,0,0,No,$2.42,
1945,2025-05-04,raisins,0,0,7,42,No,$0.27,
1946,2025-05-04,regular_milk,0,0,0,0,Yes,$0.83,
1947,2025-05-04,shrimp,0,0,0,0,Yes,$2.28,
1948,2025-05-04,sweet_potatoes,0,0,0,0,Yes,$0.27,
1949,2025-05-04,white_rice,0,0,12,60,No,$0.33,
1950,2025-05-04,yellow_onion,0,0,0,0,Yes,$1.13,
1951,2025-05-04,yogurt,0,0,0,0,Yes,$0.63,
1952,2025-05-11,almond_butter,0,0,0,0,No,$0.77,
1953,2025-05-11,almond_milk,0,0,0,0,Yes,$0.31,
1954,2025-05-11,apples,0,0,0,0,Yes,$0.95,
1955,2025-05-11,avocados,0,0,0,0,Yes,$0.25,
1956,2025-05-11,bananas,0,0,0,0,Yes,$0.16,
1957,2025-05-11,black_beans,0,0,0,0,No,$0.62,
1958,2025-05-11,blueberries,0,0,0,0,Yes,$2.00,
1959,2025-05-11,bread,0,0,0,0,Yes,$0.26,
1960,2025-05-11,broccoli,0,0,0,0,Yes,$0.80,
1961,2025-05-11,broth,0,0,0,0,No,$0.75,
1962,2025-05-11,butternut_squash,0,0,0,0,Yes,$0.60,
1963,2025-05-11,canned_tuna,0,0,0,0,No,$1.79,
1964,2025-05-11,carrots,0,0,0,0,Yes,$0.37,
1965,2025-05-11,cherry_tomatoes,0,0,0,0,Yes,$0.72,
1966,2025-05-11,chicken_breast,0,0,0,0,Yes,$1.50,
1967,2025-05-11,chips,0,0,0,50,No,$0.96,
1968,2025-05-11,chocolate,0,0,0,0,No,$0.86,
1969,2025-05-11,chopped_kale,0,0,0,0,Yes,$0.60,
1970,2025-05-11,corn,0,0,0,0,Yes,$0.64,
1971,2025-05-11,cottage_cheese,0,0,0,0,Yes,$0.57,
1972,2025-05-11,dates,0,0,1,30,No,$0.52,
1973,2025-05-11,deli_turkey,0,0,0,0,Yes,$1.07,
1974,2025-05-11,eggs_large,0,0,0,0,Yes,$0.42,
1975,2025-05-11,feta_cheese,0,0,0,0,Yes,$0.79,
1976,2025-05-11,fresh_celery,0,0,0,0,Yes,$0.40,
1977,2025-05-11,frozen_blackberries,0,0,0,0,No,$1.50,
1978,2025-05-11,frozen_blueberries,0,0,0,0,No,$1.20,
1979,2025-05-11,frozen_breakfast_sandwich,0,0,6,21,No,$1.66,
1980,2025-05-11,frozen_broccoli,0,0,1,4,No,$0.11,
1981,2025-05-11,frozen_cauliflower,0,0,0,1,No,$0.32,
1982,2025-05-11,frozen_cherries,0,0,0,2,No,$1.53,
1983,2025-05-11,frozen_chopped_spinach,0,0,0,0,No,$0.40,
1984,2025-05-11,frozen_cranberries,0,0,0,0,No,$3.03,
1985,2025-05-11,frozen_edamame,0,0,11,29,No,$0.40,
1986,2025-05-11,frozen_green_beans,0,0,0,0,No,$0.28,
1987,2025-05-11,frozen_peaches,0,0,0,0,No,$0.76,
1988,2025-05-11,frozen_peas,0,0,0,0,No,$0.28,
1989,2025-05-11,frozen_pizza,0,0,0,0,No,$0.77,
1990,2025-05-11,frozen_raspberries,0,0,0,0,No,$2.10,
1991,2025-05-11,frozen_strawberries,0,0,0,0,No,$0.68,
1992,2025-05-11,garden_salad,0,0,0,0,Yes,$1.50,
1993,2025-05-11,granola_bar,0,0,0,2,No,$0.32,
1994,2025-05-11,grapes,0,0,0,0,Yes,$1.06,
1995,2025-05-11,great_northern_beans,0,0,10,40,No,$0.22,
1996,2025-05-11,ground_beef,0,0,0,0,Yes,$2.37,
1997,2025-05-11,jasmine_rice,0,0,6,30,No,$0.14,
1998,2025-05-11,mixed_nuts,0,0,6,43,No,$0.29,
1999,2025-05-11,mushrooms,0,0,0,0,Yes,$0.46,
2000,2025-05-11,olive_oil,0,0,0,0,No,$0.48,
2001,2025-05-11,pasta,0,0,0,0,No,$0.50,
2002,2025-05-11,peanut_butter,0,0,12,36,No,$0.30,
2003,2025-05-11,pinto_beans,0,0,9,29,No,$0.62,
2004,2025-05-11,potatoes,0,0,0,0,Yes,$0.22,
2005,2025-05-11,protein_bars,0,0,0,0,No,$2.42,
2006,2025-05-11,raisins,0,0,8,35,No,$0.27,
2007,2025-05-11,regular_milk,0,0,0,0,Yes,$0.83,
2008,2025-05-11,shrimp,0,0,0,0,Yes,$2.28,
2009,2025-05-11,sweet_potatoes,0,0,0,0,Yes,$0.27,
2010,2025-05-11,white_rice,0,0,12,48,No,$0.33,
2011,2025-05-11,yellow_onion,0,0,0,0,Yes,$1.13,
2012,2025-05-11,yogurt,0,0,0,0,Yes,$0.63,
2013,2025-05-18,almond_butter,0,0,0,0,No,$0.77,
2014,2025-05-18,almond_milk,0,0,0,0,Yes,$0.31,
2015,2025-05-18,apples,0,0,0,0,Yes,$0.95,
2016,2025-05-18,avocados,0,0,0,0,Yes,$0.25,
2017,2025-05-18,bananas,0,0,0,0,Yes,$0.16,
2018,2025-05-18,black_beans,0,0,0,0,No,$0.62,
2019,2025-05-18,blueberries,0,0,0,0,Yes,$2.00,
2020,2025-05-18,bread,0,0,0,0,Yes,$0.26,
2021,2025-05-18,broccoli,0,0,0,0,Yes,$0.80,
2022,2025-05-18,broth,0,0,0,0,No,$0.75,
2023,2025-05-18,butternut_squash,0,0,0,0,Yes,$0.60,
2024,2025-05-18,canned_tuna,0,0,0,0,No,$1.79,
2025,2025-05-18,carrots,0,0,0,0,Yes,$0.37,
2026,2025-05-18,cherry_tomatoes,0,0,0,0,Yes,$0.72,
2027,2025-05-18,chicken_breast,0,0,0,0,Yes,$1.50,
2028,2025-05-18,chips,0,0,0,50,No,$0.96,
2029,2025-05-18,chocolate,0,0,0,0,No,$0.86,
2030,2025-05-18,chopped_kale,0,0,0,0,Yes,$0.60,
2031,2025-05-18,corn,0,0,0,0,Yes,$0.64,
2032,2025-05-18,cottage_cheese,0,0,0,0,Yes,$0.57,
2033,2025-05-18,dates,0,0,0,29,No,$0.52,
2034,2025-05-18,deli_turkey,0,0,0,0,Yes,$1.07,
2035,2025-05-18,eggs_large,0,0,0,0,Yes,$0.42,
2036,2025-05-18,feta_cheese,0,0,0,0,Yes,$0.79,
2037,2025-05-18,fresh_celery,0,0,0,0,Yes,$0.40,
2038,2025-05-18,frozen_blackberries,0,0,0,0,No,$1.50,
2039,2025-05-18,frozen_blueberries,0,0,0,0,No,$1.20,
2040,2025-05-18,frozen_breakfast_sandwich,0,0,0,15,No,$1.66,
2041,2025-05-18,frozen_broccoli,0,0,2,3,No,$0.11,
2042,2025-05-18,frozen_cauliflower,0,0,0,1,No,$0.32,
2043,2025-05-18,frozen_cherries,0,0,0,2,No,$1.53,
2044,2025-05-18,frozen_chopped_spinach,0,0,0,0,No,$0.40,
2045,2025-05-18,frozen_cranberries,0,0,0,0,No,$3.03,
2046,2025-05-18,frozen_edamame,0,0,8,18,No,$0.40,
2047,2025-05-18,frozen_green_beans,0,0,0,0,No,$0.28,
2048,2025-05-18,frozen_peaches,0,0,0,0,No,$0.76,
2049,2025-05-18,frozen_peas,0,0,0,0,No,$0.28,
2050,2025-05-18,frozen_pizza,0,0,0,0,No,$0.77,
2051,2025-05-18,frozen_raspberries,0,0,0,0,No,$2.10,
2052,2025-05-18,frozen_strawberries,0,0,0,0,No,$0.68,
2053,2025-05-18,garden_salad,0,0,0,0,Yes,$1.50,
2054,2025-05-18,granola_bar,0,0,0,2,No,$0.32,
2055,2025-05-18,grapes,0,0,0,0,Yes,$1.06,
2056,2025-05-18,great_northern_beans,0,0,8,30,No,$0.22,
2057,2025-05-18,ground_beef,0,0,0,0,Yes,$2.37,
2058,2025-05-18,jasmine_rice,0,0,12,24,No,$0.14,
2059,2025-05-18,mixed_nuts,0,0,12,37,No,$0.29,
2060,2025-05-18,mushrooms,0,0,0,0,Yes,$0.46,
2061,2025-05-18,olive_oil,0,0,0,0,No,$0.48,
2062,2025-05-18,pasta,0,0,0,0,No,$0.50,
2063,2025-05-18,peanut_butter,0,0,12,24,No,$0.30,
2064,2025-05-18,pinto_beans,0,0,11,20,No,$0.62,
2065,2025-05-18,potatoes,0,0,0,0,Yes,$0.22,
2066,2025-05-18,protein_bars,0,0,0,0,No,$2.42,
2067,2025-05-18,raisins,0,0,5,27,No,$0.27,
2068,2025-05-18,regular_milk,0,0,0,0,Yes,$0.83,
2069,2025-05-18,shrimp,0,0,0,0,Yes,$2.28,
2070,2025-05-18,sweet_potatoes,0,0,0,0,Yes,$0.27,
2071,2025-05-18,white_rice,0,0,12,36,No,$0.33,
2072,2025-05-18,yellow_onion,0,0,0,0,Yes,$1.13,
2073,2025-05-18,yogurt,0,0,0,0,Yes,$0.63,
2074,2025-05-25,almond_butter,0,0,0,0,No,$0.77,
2075,2025-05-25,almond_milk,0,0,0,0,Yes,$0.31,
2076,2025-05-25,apples,0,0,0,0,Yes,$0.95,
2077,2025-05-25,avocados,0,0,0,0,Yes,$0.25,
2078,2025-05-25,bananas,0,0,0,0,Yes,$0.16,
2079,2025-05-25,black_beans,0,0,0,0,No,$0.62,
2080,2025-05-25,blueberries,0,0,0,0,Yes,$2.00,
2081,2025-05-25,bread,0,0,0,0,Yes,$0.26,
2082,2025-05-25,broccoli,0,0,0,0,Yes,$0.80,
2083,2025-05-25,broth,0,0,0,0,No,$0.75,
2084,2025-05-25,butternut_squash,0,0,0,0,Yes,$0.60,
2085,2025-05-25,canned_tuna,0,0,0,0,No,$1.79,
2086,2025-05-25,carrots,0,0,0,0,Yes,$0.37,
2087,2025-05-25,cherry_tomatoes,0,0,0,0,Yes,$0.72,
2088,2025-05-25,chicken_breast,0,0,0,0,Yes,$1.50,
2089,2025-05-25,chips,0,0,12,50,No,$0.96,
2090,2025-05-25,chocolate,0,0,0,0,No,$0.86,
2091,2025-05-25,chopped_kale,0,0,0,0,Yes,$0.60,
2092,2025-05-25,corn,0,0,0,0,Yes,$0.64,
2093,2025-05-25,cottage_cheese,0,0,0,0,Yes,$0.57,
2094,2025-05-25,dates,0,0,0,29,No,$0.52,
2095,2025-05-25,deli_turkey,0,0,0,0,Yes,$1.07,
2096,2025-05-25,eggs_large,0,0,0,0,Yes,$0.42,
2097,2025-05-25,feta_cheese,0,0,0,0,Yes,$0.79,
2098,2025-05-25,fresh_celery,0,0,0,0,Yes,$0.40,
2099,2025-05-25,frozen_blackberries,0,0,0,0,No,$1.50,
2100,2025-05-25,frozen_blueberries,0,0,0,0,No,$1.20,
2101,2025-05-25,frozen_breakfast_sandwich,0,0,2,15,No,$1.66,
2102,2025-05-25,frozen_broccoli,0,0,1,1,No,$0.11,
2103,2025-05-25,frozen_cauliflower,0,0,1,1,No,$0.32,
2104,2025-05-25,frozen_cherries,0,0,0,2,No,$1.53,
2105,2025-05-25,frozen_chopped_spinach,0,0,0,0,No,$0.40,
2106,2025-05-25,frozen_cranberries,0,0,0,0,No,$3.03,
2107,2025-05-25,frozen_edamame,0,0,10,10,No,$0.40,
2108,2025-05-25,frozen_green_beans,0,0,0,0,No,$0.28,
2109,2025-05-25,frozen_peaches,0,0,0,0,No,$0.76,
2110,2025-05-25,frozen_peas,0,0,0,0,No,$0.28,
2111,2025-05-25,frozen_pizza,0,0,0,0,No,$0.77,
2112,2025-05-25,frozen_raspberries,0,0,0,0,No,$2.10,
2113,2025-05-25,frozen_strawberries,0,0,0,0,No,$0.68,
2114,2025-05-25,garden_salad,0,0,0,0,Yes,$1.50,
2115,2025-05-25,granola_bar,0,0,1,2,No,$0.32,
2116,2025-05-25,grapes,0,0,0,0,Yes,$1.06,
2117,2025-05-25,great_northern_beans,0,0,9,22,No,$0.22,
2118,2025-05-25,ground_beef,0,0,0,0,Yes,$2.37,
2119,2025-05-25,jasmine_rice,0,0,12,12,No,$0.14,
2120,2025-05-25,mixed_nuts,0,0,7,25,No,$0.29,
2121,2025-05-25,mushrooms,0,0,0,0,Yes,$0.46,
2122,2025-05-25,olive_oil,0,0,0,0,No,$0.48,
2123,2025-05-25,pasta,0,0,0,0,No,$0.50,
2124,2025-05-25,peanut_butter,0,0,10,12,No,$0.30,
2125,2025-05-25,pinto_beans,0,0,9,9,No,$0.62,
2126,2025-05-25,potatoes,0,0,0,0,Yes,$0.22,
2127,2025-05-25,protein_bars,0,0,0,0,No,$2.42,
2128,2025-05-25,raisins,0,0,10,22,No,$0.27,
2129,2025-05-25,regular_milk,0,0,0,0,Yes,$0.83,
2130,2025-05-25,shrimp,0,0,0,0,Yes,$2.28,
2131,2025-05-25,sweet_potatoes,0,0,0,0,Yes,$0.27,
2132,2025-05-25,white_rice,0,0,12,24,No,$0.33,
2133,2025-05-25,yellow_onion,0,0,0,0,Yes,$1.13,
2134,2025-05-25,yogurt,0,0,0,0,Yes,$0.63,
2135,2025-06-01,almond_butter,0,0,12,0,No,$0.77,
2136,2025-06-01,almond_milk,0,0,0,0,Yes,$0.31,
2137,2025-06-01,apples,0,0,0,0,Yes,$0.95,
2138,2025-06-01,avocados,0,0,0,0,Yes,$0.25,
2139,2025-06-01,bananas,0,0,0,0,Yes,$0.16,
2140,2025-06-01,black_beans,0,0,0,0,No,$0.62,
2141,2025-06-01,blueberries,0,0,0,0,Yes,$2.00,
2142,2025-06-01,bread,0,0,0,0,Yes,$0.26,
2143,2025-06-01,broccoli,0,0,0,0,Yes,$0.80,
2144,2025-06-01,broth,0,0,0,0,No,$0.75,
2145,2025-06-01,butternut_squash,0,0,0,0,Yes,$0.60,
2146,2025-06-01,canned_tuna,0,0,2,0,No,$1.79,
2147,2025-06-01,carrots,0,0,0,0,Yes,$0.37,
2148,2025-06-01,cherry_tomatoes,0,0,0,0,Yes,$0.72,
2149,2025-06-01,chicken_breast,0,0,0,0,Yes,$1.50,
2150,2025-06-01,chips,0,0,0,0,No,$0.96,38.0
2151,2025-06-01,chocolate,0,0,0,0,No,$0.86,
2152,2025-06-01,chopped_kale,0,0,0,0,Yes,$0.60,
2153,2025-06-01,corn,0,0,0,0,Yes,$0.64,
2154,2025-06-01,cottage_cheese,0,0,0,0,Yes,$0.57,
2155,2025-06-01,dates,0,0,0,0,No,$0.52,29.0
2156,2025-06-01,deli_turkey,0,0,0,0,Yes,$1.07,
2157,2025-06-01,eggs_large,0,0,0,0,Yes,$0.42,
2158,2025-06-01,feta_cheese,0,0,0,0,Yes,$0.79,
2159,2025-06-01,fresh_celery,0,0,0,0,Yes,$0.40,
2160,2025-06-01,frozen_blackberries,0,0,0,0,No,$1.50,
2161,2025-06-01,frozen_blueberries,0,0,0,0,No,$1.20,
2162,2025-06-01,frozen_breakfast_sandwich,0,0,9,0,No,$1.66,13.0
2163,2025-06-01,frozen_broccoli,0,0,0,0,No,$0.11,
2164,2025-06-01,frozen_cauliflower,0,0,2,0,No,$0.32,
2165,2025-06-01,frozen_cherries,0,0,0,0,No,$1.53,2.0
2166,2025-06-01,frozen_chopped_spinach,0,0,0,0,No,$0.40,
2167,2025-06-01,frozen_cranberries,0,0,0,0,No,$3.03,
2168,2025-06-01,frozen_edamame,0,0,12,0,No,$0.40,
2169,2025-06-01,frozen_green_beans,0,0,12,0,No,$0.28,
2170,2025-06-01,frozen_peaches,0,0,0,0,No,$0.76,
2171,2025-06-01,frozen_peas,0,0,0,0,No,$0.28,
2172,2025-06-01,frozen_pizza,0,0,0,0,No,$0.77,
2173,2025-06-01,frozen_raspberries,0,0,12,0,No,$2.10,
2174,2025-06-01,frozen_strawberries,0,0,0,0,No,$0.68,
2175,2025-06-01,garden_salad,0,0,0,0,Yes,$1.50,
2176,2025-06-01,granola_bar,0,0,12,0,No,$0.32,1.0
2177,2025-06-01,grapes,0,0,0,0,Yes,$1.06,
2178,2025-06-01,great_northern_beans,0,0,12,0,No,$0.22,13.0
2179,2025-06-01,ground_beef,0,0,0,0,Yes,$2.37,
2180,2025-06-01,jasmine_rice,0,0,12,0,No,$0.14,
2181,2025-06-01,mixed_nuts,0,0,12,0,No,$0.29,18.0
2182,2025-06-01,mushrooms,0,0,0,0,Yes,$0.46,
2183,2025-06-01,olive_oil,0,0,0,0,No,$0.48,
2184,2025-06-01,pasta,0,0,12,0,No,$0.50,
2185,2025-06-01,peanut_butter,0,0,0,0,No,$0.30,2.0
2186,2025-06-01,pinto_beans,0,0,0,0,No,$0.62,
2187,2025-06-01,potatoes,0,0,0,0,Yes,$0.22,
2188,2025-06-01,protein_bars,0,0,0,0,No,$2.42,
2189,2025-06-01,raisins,0,0,0,0,No,$0.27,12.0
2190,2025-06-01,regular_milk,0,0,0,0,Yes,$0.83,
2191,2025-06-01,shrimp,0,0,0,0,Yes,$2.28,
2192,2025-06-01,sweet_potatoes,0,0,0,0,Yes,$0.27,
2193,2025-06-01,white_rice,0,0,2,0,No,$0.33,12.0
2194,2025-06-01,yellow_onion,0,0,0,0,Yes,$1.13,
2195,2025-06-01,yogurt,0,0,0,0,Yes,$0.63,
